State,Race,Table Names,Year,Population
AL,American Indian/Alaska Native,PopByRace2016.csv,2016,21400
AL,Asian,PopByRace2016.csv,2016,57600
AL,Black,PopByRace2016.csv,2016,1252500
AL,Hispanic,PopByRace2016.csv,2016,194500
AL,Multiple Races,PopByRace2016.csv,2016,81100
AL,Native Hawaiian/Other Pacific Islander,PopByRace2016.csv,2016,
AL,Total,PopByRace2016.csv,2016,4730100
AL,White,PopByRace2016.csv,2016,3121800
AK,American Indian/Alaska Native,PopByRace2016.csv,2016,107200
AK,Asian,PopByRace2016.csv,2016,42600
AK,Black,PopByRace2016.csv,2016,20700
AK,Hispanic,PopByRace2016.csv,2016,47800
AK,Multiple Races,PopByRace2016.csv,2016,48600
AK,Native Hawaiian/Other Pacific Islander,PopByRace2016.csv,2016,8800
AK,Total,PopByRace2016.csv,2016,714900
AK,White,PopByRace2016.csv,2016,439200
AZ,American Indian/Alaska Native,PopByRace2016.csv,2016,266700
AZ,Asian,PopByRace2016.csv,2016,213600
AZ,Black,PopByRace2016.csv,2016,270000
AZ,Hispanic,PopByRace2016.csv,2016,2087500
AZ,Multiple Races,PopByRace2016.csv,2016,156600
AZ,Native Hawaiian/Other Pacific Islander,PopByRace2016.csv,2016,11600
AZ,Total,PopByRace2016.csv,2016,6760900
AZ,White,PopByRace2016.csv,2016,3754900
AR,American Indian/Alaska Native,PopByRace2016.csv,2016,17300
AR,Asian,PopByRace2016.csv,2016,39500
AR,Black,PopByRace2016.csv,2016,441600
AR,Hispanic,PopByRace2016.csv,2016,210000
AR,Multiple Races,PopByRace2016.csv,2016,64500
AR,Native Hawaiian/Other Pacific Islander,PopByRace2016.csv,2016,7700
AR,Total,PopByRace2016.csv,2016,2895400
AR,White,PopByRace2016.csv,2016,2114900
CA,American Indian/Alaska Native,PopByRace2016.csv,2016,121600
CA,Asian,PopByRace2016.csv,2016,5448900
CA,Black,PopByRace2016.csv,2016,2066000
CA,Hispanic,PopByRace2016.csv,2016,15009300
CA,Multiple Races,PopByRace2016.csv,2016,1248000
CA,Native Hawaiian/Other Pacific Islander,PopByRace2016.csv,2016,129900
CA,Total,PopByRace2016.csv,2016,38442400
CA,White,PopByRace2016.csv,2016,14418700
CO,American Indian/Alaska Native,PopByRace2016.csv,2016,24700
CO,Asian,PopByRace2016.csv,2016,167800
CO,Black,PopByRace2016.csv,2016,207900
CO,Hispanic,PopByRace2016.csv,2016,1149700
CO,Multiple Races,PopByRace2016.csv,2016,132100
CO,Native Hawaiian/Other Pacific Islander,PopByRace2016.csv,2016,7000
CO,Total,PopByRace2016.csv,2016,5398100
CO,White,PopByRace2016.csv,2016,3708800
CT,American Indian/Alaska Native,PopByRace2016.csv,2016,4700
CT,Asian,PopByRace2016.csv,2016,154900
CT,Black,PopByRace2016.csv,2016,340100
CT,Hispanic,PopByRace2016.csv,2016,546300
CT,Multiple Races,PopByRace2016.csv,2016,76700
CT,Native Hawaiian/Other Pacific Islander,PopByRace2016.csv,2016,
CT,Total,PopByRace2016.csv,2016,3465100
CT,White,PopByRace2016.csv,2016,2342200
DE,American Indian/Alaska Native,PopByRace2016.csv,2016,2900
DE,Asian,PopByRace2016.csv,2016,37300
DE,Black,PopByRace2016.csv,2016,191300
DE,Hispanic,PopByRace2016.csv,2016,85000
DE,Multiple Races,PopByRace2016.csv,2016,25200
DE,Native Hawaiian/Other Pacific Islander,PopByRace2016.csv,2016,
DE,Total,PopByRace2016.csv,2016,924300
DE,White,PopByRace2016.csv,2016,581900
FL,American Indian/Alaska Native,PopByRace2016.csv,2016,36300
FL,Asian,PopByRace2016.csv,2016,539400
FL,Black,PopByRace2016.csv,2016,3050800
FL,Hispanic,PopByRace2016.csv,2016,5045400
FL,Multiple Races,PopByRace2016.csv,2016,444300
FL,Native Hawaiian/Other Pacific Islander,PopByRace2016.csv,2016,10400
FL,Total,PopByRace2016.csv,2016,20144000
FL,White,PopByRace2016.csv,2016,11017500
GA,American Indian/Alaska Native,PopByRace2016.csv,2016,16400
GA,Asian,PopByRace2016.csv,2016,384500
GA,Black,PopByRace2016.csv,2016,3083400
GA,Hispanic,PopByRace2016.csv,2016,938100
GA,Multiple Races,PopByRace2016.csv,2016,233900
GA,Native Hawaiian/Other Pacific Islander,PopByRace2016.csv,2016,5200
GA,Total,PopByRace2016.csv,2016,10001000
GA,White,PopByRace2016.csv,2016,5339500
HI,American Indian/Alaska Native,PopByRace2016.csv,2016,
HI,Asian,PopByRace2016.csv,2016,512600
HI,Black,PopByRace2016.csv,2016,17600
HI,Hispanic,PopByRace2016.csv,2016,139800
HI,Multiple Races,PopByRace2016.csv,2016,275000
HI,Native Hawaiian/Other Pacific Islander,PopByRace2016.csv,2016,129600
HI,Total,PopByRace2016.csv,2016,1364600
HI,White,PopByRace2016.csv,2016,287900
ID,American Indian/Alaska Native,PopByRace2016.csv,2016,18900
ID,Asian,PopByRace2016.csv,2016,22700
ID,Black,PopByRace2016.csv,2016,8600
ID,Hispanic,PopByRace2016.csv,2016,202200
ID,Multiple Races,PopByRace2016.csv,2016,33300
ID,Native Hawaiian/Other Pacific Islander,PopByRace2016.csv,2016,
ID,Total,PopByRace2016.csv,2016,1650700
ID,White,PopByRace2016.csv,2016,1362500
IL,American Indian/Alaska Native,PopByRace2016.csv,2016,12800
IL,Asian,PopByRace2016.csv,2016,660100
IL,Black,PopByRace2016.csv,2016,1715800
IL,Hispanic,PopByRace2016.csv,2016,2139000
IL,Multiple Races,PopByRace2016.csv,2016,240300
IL,Native Hawaiian/Other Pacific Islander,PopByRace2016.csv,2016,3400
IL,Total,PopByRace2016.csv,2016,12491200
IL,White,PopByRace2016.csv,2016,7719800
IN,American Indian/Alaska Native,PopByRace2016.csv,2016,13500
IN,Asian,PopByRace2016.csv,2016,133600
IN,Black,PopByRace2016.csv,2016,582900
IN,Hispanic,PopByRace2016.csv,2016,435200
IN,Multiple Races,PopByRace2016.csv,2016,134200
IN,Native Hawaiian/Other Pacific Islander,PopByRace2016.csv,2016,
IN,Total,PopByRace2016.csv,2016,6431400
IN,White,PopByRace2016.csv,2016,5129200
IA,American Indian/Alaska Native,PopByRace2016.csv,2016,9000
IA,Asian,PopByRace2016.csv,2016,73600
IA,Black,PopByRace2016.csv,2016,98700
IA,Hispanic,PopByRace2016.csv,2016,171300
IA,Multiple Races,PopByRace2016.csv,2016,50100
IA,Native Hawaiian/Other Pacific Islander,PopByRace2016.csv,2016,
IA,Total,PopByRace2016.csv,2016,3030400
IA,White,PopByRace2016.csv,2016,2623500
KS,American Indian/Alaska Native,PopByRace2016.csv,2016,17600
KS,Asian,PopByRace2016.csv,2016,74800
KS,Black,PopByRace2016.csv,2016,157400
KS,Hispanic,PopByRace2016.csv,2016,329400
KS,Multiple Races,PopByRace2016.csv,2016,82200
KS,Native Hawaiian/Other Pacific Islander,PopByRace2016.csv,2016,
KS,Total,PopByRace2016.csv,2016,2817000
KS,White,PopByRace2016.csv,2016,2154300
KY,American Indian/Alaska Native,PopByRace2016.csv,2016,9300
KY,Asian,PopByRace2016.csv,2016,60600
KY,Black,PopByRace2016.csv,2016,342700
KY,Hispanic,PopByRace2016.csv,2016,144300
KY,Multiple Races,PopByRace2016.csv,2016,77100
KY,Native Hawaiian/Other Pacific Islander,PopByRace2016.csv,2016,
KY,Total,PopByRace2016.csv,2016,4287700
KY,White,PopByRace2016.csv,2016,3652100
LA,American Indian/Alaska Native,PopByRace2016.csv,2016,24100
LA,Asian,PopByRace2016.csv,2016,75800
LA,Black,PopByRace2016.csv,2016,1440900
LA,Hispanic,PopByRace2016.csv,2016,220700
LA,Multiple Races,PopByRace2016.csv,2016,79000
LA,Native Hawaiian/Other Pacific Islander,PopByRace2016.csv,2016,
LA,Total,PopByRace2016.csv,2016,4530500
LA,White,PopByRace2016.csv,2016,2689200
ME,American Indian/Alaska Native,PopByRace2016.csv,2016,7100
ME,Asian,PopByRace2016.csv,2016,15300
ME,Black,PopByRace2016.csv,2016,20000
ME,Hispanic,PopByRace2016.csv,2016,19400
ME,Multiple Races,PopByRace2016.csv,2016,21300
ME,Native Hawaiian/Other Pacific Islander,PopByRace2016.csv,2016,
ME,Total,PopByRace2016.csv,2016,1293800
ME,White,PopByRace2016.csv,2016,1210500
MD,American Indian/Alaska Native,PopByRace2016.csv,2016,9300
MD,Asian,PopByRace2016.csv,2016,366400
MD,Black,PopByRace2016.csv,2016,1716500
MD,Hispanic,PopByRace2016.csv,2016,575200
MD,Multiple Races,PopByRace2016.csv,2016,176900
MD,Native Hawaiian/Other Pacific Islander,PopByRace2016.csv,2016,
MD,Total,PopByRace2016.csv,2016,5856500
MD,White,PopByRace2016.csv,2016,3010100
MA,American Indian/Alaska Native,PopByRace2016.csv,2016,8600
MA,Asian,PopByRace2016.csv,2016,415900
MA,Black,PopByRace2016.csv,2016,440400
MA,Hispanic,PopByRace2016.csv,2016,750600
MA,Multiple Races,PopByRace2016.csv,2016,181100
MA,Native Hawaiian/Other Pacific Islander,PopByRace2016.csv,2016,
MA,Total,PopByRace2016.csv,2016,6570600
MA,White,PopByRace2016.csv,2016,4771800
MI,American Indian/Alaska Native,PopByRace2016.csv,2016,40700
MI,Asian,PopByRace2016.csv,2016,281500
MI,Black,PopByRace2016.csv,2016,1304100
MI,Hispanic,PopByRace2016.csv,2016,477300
MI,Multiple Races,PopByRace2016.csv,2016,258100
MI,Native Hawaiian/Other Pacific Islander,PopByRace2016.csv,2016,
MI,Total,PopByRace2016.csv,2016,9693500
MI,White,PopByRace2016.csv,2016,7330200
MN,American Indian/Alaska Native,PopByRace2016.csv,2016,54200
MN,Asian,PopByRace2016.csv,2016,261800
MN,Black,PopByRace2016.csv,2016,305000
MN,Hispanic,PopByRace2016.csv,2016,277200
MN,Multiple Races,PopByRace2016.csv,2016,141700
MN,Native Hawaiian/Other Pacific Islander,PopByRace2016.csv,2016,
MN,Total,PopByRace2016.csv,2016,5392900
MN,White,PopByRace2016.csv,2016,4352400
MS,American Indian/Alaska Native,PopByRace2016.csv,2016,12000
MS,Asian,PopByRace2016.csv,2016,26400
MS,Black,PopByRace2016.csv,2016,1085900
MS,Hispanic,PopByRace2016.csv,2016,80500
MS,Multiple Races,PopByRace2016.csv,2016,31400
MS,Native Hawaiian/Other Pacific Islander,PopByRace2016.csv,2016,
MS,Total,PopByRace2016.csv,2016,2887300
MS,White,PopByRace2016.csv,2016,1651000
MO,American Indian/Alaska Native,PopByRace2016.csv,2016,24900
MO,Asian,PopByRace2016.csv,2016,112300
MO,Black,PopByRace2016.csv,2016,666800
MO,Hispanic,PopByRace2016.csv,2016,236700
MO,Multiple Races,PopByRace2016.csv,2016,141700
MO,Native Hawaiian/Other Pacific Islander,PopByRace2016.csv,2016,7200
MO,Total,PopByRace2016.csv,2016,5898000
MO,White,PopByRace2016.csv,2016,4708400
MT,American Indian/Alaska Native,PopByRace2016.csv,2016,61700
MT,Asian,PopByRace2016.csv,2016,8500
MT,Black,PopByRace2016.csv,2016,
MT,Hispanic,PopByRace2016.csv,2016,35600
MT,Multiple Races,PopByRace2016.csv,2016,27600
MT,Native Hawaiian/Other Pacific Islander,PopByRace2016.csv,2016,
MT,Total,PopByRace2016.csv,2016,1015100
MT,White,PopByRace2016.csv,2016,879200
NE,American Indian/Alaska Native,PopByRace2016.csv,2016,12200
NE,Asian,PopByRace2016.csv,2016,42300
NE,Black,PopByRace2016.csv,2016,81500
NE,Hispanic,PopByRace2016.csv,2016,196000
NE,Multiple Races,PopByRace2016.csv,2016,36700
NE,Native Hawaiian/Other Pacific Islander,PopByRace2016.csv,2016,
NE,Total,PopByRace2016.csv,2016,1845000
NE,White,PopByRace2016.csv,2016,1475200
NV,American Indian/Alaska Native,PopByRace2016.csv,2016,25100
NV,Asian,PopByRace2016.csv,2016,240000
NV,Black,PopByRace2016.csv,2016,241000
NV,Hispanic,PopByRace2016.csv,2016,824500
NV,Multiple Races,PopByRace2016.csv,2016,99800
NV,Native Hawaiian/Other Pacific Islander,PopByRace2016.csv,2016,18800
NV,Total,PopByRace2016.csv,2016,2890400
NV,White,PopByRace2016.csv,2016,1441300
NH,American Indian/Alaska Native,PopByRace2016.csv,2016,
NH,Asian,PopByRace2016.csv,2016,32700
NH,Black,PopByRace2016.csv,2016,13600
NH,Hispanic,PopByRace2016.csv,2016,44600
NH,Multiple Races,PopByRace2016.csv,2016,23100
NH,Native Hawaiian/Other Pacific Islander,PopByRace2016.csv,2016,
NH,Total,PopByRace2016.csv,2016,1291300
NH,White,PopByRace2016.csv,2016,1175900
NJ,American Indian/Alaska Native,PopByRace2016.csv,2016,8200
NJ,Asian,PopByRace2016.csv,2016,833200
NJ,Black,PopByRace2016.csv,2016,1090900
NJ,Hispanic,PopByRace2016.csv,2016,1756100
NJ,Multiple Races,PopByRace2016.csv,2016,188200
NJ,Native Hawaiian/Other Pacific Islander,PopByRace2016.csv,2016,
NJ,Total,PopByRace2016.csv,2016,8762700
NJ,White,PopByRace2016.csv,2016,4883400
NM,American Indian/Alaska Native,PopByRace2016.csv,2016,174600
NM,Asian,PopByRace2016.csv,2016,30200
NM,Black,PopByRace2016.csv,2016,33400
NM,Hispanic,PopByRace2016.csv,2016,986700
NM,Multiple Races,PopByRace2016.csv,2016,33500
NM,Native Hawaiian/Other Pacific Islander,PopByRace2016.csv,2016,
NM,Total,PopByRace2016.csv,2016,2029400
NM,White,PopByRace2016.csv,2016,769600
NY,American Indian/Alaska Native,PopByRace2016.csv,2016,38800
NY,Asian,PopByRace2016.csv,2016,1627800
NY,Black,PopByRace2016.csv,2016,2727900
NY,Hispanic,PopByRace2016.csv,2016,3665200
NY,Multiple Races,PopByRace2016.csv,2016,471300
NY,Native Hawaiian/Other Pacific Islander,PopByRace2016.csv,2016,6800
NY,Total,PopByRace2016.csv,2016,19221500
NY,White,PopByRace2016.csv,2016,10683700
NC,American Indian/Alaska Native,PopByRace2016.csv,2016,103800
NC,Asian,PopByRace2016.csv,2016,267100
NC,Black,PopByRace2016.csv,2016,2069000
NC,Hispanic,PopByRace2016.csv,2016,905300
NC,Multiple Races,PopByRace2016.csv,2016,223800
NC,Native Hawaiian/Other Pacific Islander,PopByRace2016.csv,2016,5500
NC,Total,PopByRace2016.csv,2016,9829900
NC,White,PopByRace2016.csv,2016,6255500
ND,American Indian/Alaska Native,PopByRace2016.csv,2016,41400
ND,Asian,PopByRace2016.csv,2016,5900
ND,Black,PopByRace2016.csv,2016,18600
ND,Hispanic,PopByRace2016.csv,2016,22500
ND,Multiple Races,PopByRace2016.csv,2016,17100
ND,Native Hawaiian/Other Pacific Islander,PopByRace2016.csv,2016,
ND,Total,PopByRace2016.csv,2016,725900
ND,White,PopByRace2016.csv,2016,619700
OH,American Indian/Alaska Native,PopByRace2016.csv,2016,13100
OH,Asian,PopByRace2016.csv,2016,225000
OH,Black,PopByRace2016.csv,2016,1365400
OH,Hispanic,PopByRace2016.csv,2016,402900
OH,Multiple Races,PopByRace2016.csv,2016,293300
OH,Native Hawaiian/Other Pacific Islander,PopByRace2016.csv,2016,3200
OH,Total,PopByRace2016.csv,2016,11278700
OH,White,PopByRace2016.csv,2016,8975800
OK,American Indian/Alaska Native,PopByRace2016.csv,2016,275300
OK,Asian,PopByRace2016.csv,2016,71800
OK,Black,PopByRace2016.csv,2016,260900
OK,Hispanic,PopByRace2016.csv,2016,391400
OK,Multiple Races,PopByRace2016.csv,2016,273800
OK,Native Hawaiian/Other Pacific Islander,PopByRace2016.csv,2016,7200
OK,Total,PopByRace2016.csv,2016,3800800
OK,White,PopByRace2016.csv,2016,2520400
OR,American Indian/Alaska Native,PopByRace2016.csv,2016,37900
OR,Asian,PopByRace2016.csv,2016,168000
OR,Black,PopByRace2016.csv,2016,69800
OR,Hispanic,PopByRace2016.csv,2016,510400
OR,Multiple Races,PopByRace2016.csv,2016,149600
OR,Native Hawaiian/Other Pacific Islander,PopByRace2016.csv,2016,14500
OR,Total,PopByRace2016.csv,2016,4014500
OR,White,PopByRace2016.csv,2016,3064300
PA,American Indian/Alaska Native,PopByRace2016.csv,2016,16600
PA,Asian,PopByRace2016.csv,2016,404100
PA,Black,PopByRace2016.csv,2016,1272900
PA,Hispanic,PopByRace2016.csv,2016,866000
PA,Multiple Races,PopByRace2016.csv,2016,248000
PA,Native Hawaiian/Other Pacific Islander,PopByRace2016.csv,2016,3300
PA,Total,PopByRace2016.csv,2016,12364700
PA,White,PopByRace2016.csv,2016,9553800
RI,American Indian/Alaska Native,PopByRace2016.csv,2016,2600
RI,Asian,PopByRace2016.csv,2016,33500
RI,Black,PopByRace2016.csv,2016,56600
RI,Hispanic,PopByRace2016.csv,2016,153300
RI,Multiple Races,PopByRace2016.csv,2016,28700
RI,Native Hawaiian/Other Pacific Islander,PopByRace2016.csv,2016,
RI,Total,PopByRace2016.csv,2016,1013900
RI,White,PopByRace2016.csv,2016,737600
SC,American Indian/Alaska Native,PopByRace2016.csv,2016,12000
SC,Asian,PopByRace2016.csv,2016,73100
SC,Black,PopByRace2016.csv,2016,1280800
SC,Hispanic,PopByRace2016.csv,2016,263400
SC,Multiple Races,PopByRace2016.csv,2016,98300
SC,Native Hawaiian/Other Pacific Islander,PopByRace2016.csv,2016,
SC,Total,PopByRace2016.csv,2016,4805300
SC,White,PopByRace2016.csv,2016,3075500
SD,American Indian/Alaska Native,PopByRace2016.csv,2016,72900
SD,Asian,PopByRace2016.csv,2016,12500
SD,Black,PopByRace2016.csv,2016,11200
SD,Hispanic,PopByRace2016.csv,2016,30700
SD,Multiple Races,PopByRace2016.csv,2016,17000
SD,Native Hawaiian/Other Pacific Islander,PopByRace2016.csv,2016,
SD,Total,PopByRace2016.csv,2016,835800
SD,White,PopByRace2016.csv,2016,691500
TN,American Indian/Alaska Native,PopByRace2016.csv,2016,14300
TN,Asian,PopByRace2016.csv,2016,114200
TN,Black,PopByRace2016.csv,2016,1058900
TN,Hispanic,PopByRace2016.csv,2016,338100
TN,Multiple Races,PopByRace2016.csv,2016,124000
TN,Native Hawaiian/Other Pacific Islander,PopByRace2016.csv,2016,
TN,Total,PopByRace2016.csv,2016,6467700
TN,White,PopByRace2016.csv,2016,4814000
TX,American Indian/Alaska Native,PopByRace2016.csv,2016,64000
TX,Asian,PopByRace2016.csv,2016,1264500
TX,Black,PopByRace2016.csv,2016,3124600
TX,Hispanic,PopByRace2016.csv,2016,10671100
TX,Multiple Races,PopByRace2016.csv,2016,481600
TX,Native Hawaiian/Other Pacific Islander,PopByRace2016.csv,2016,17100
TX,Total,PopByRace2016.csv,2016,27178300
TX,White,PopByRace2016.csv,2016,11555500
UT,American Indian/Alaska Native,PopByRace2016.csv,2016,22800
UT,Asian,PopByRace2016.csv,2016,70500
UT,Black,PopByRace2016.csv,2016,29400
UT,Hispanic,PopByRace2016.csv,2016,413000
UT,Multiple Races,PopByRace2016.csv,2016,73200
UT,Native Hawaiian/Other Pacific Islander,PopByRace2016.csv,2016,28400
UT,Total,PopByRace2016.csv,2016,2999300
UT,White,PopByRace2016.csv,2016,2361900
VT,American Indian/Alaska Native,PopByRace2016.csv,2016,2900
VT,Asian,PopByRace2016.csv,2016,6400
VT,Black,PopByRace2016.csv,2016,5000
VT,Hispanic,PopByRace2016.csv,2016,11100
VT,Multiple Races,PopByRace2016.csv,2016,13600
VT,Native Hawaiian/Other Pacific Islander,PopByRace2016.csv,2016,
VT,Total,PopByRace2016.csv,2016,599600
VT,White,PopByRace2016.csv,2016,560600
VA,American Indian/Alaska Native,PopByRace2016.csv,2016,17600
VA,Asian,PopByRace2016.csv,2016,519200
VA,Black,PopByRace2016.csv,2016,1495100
VA,Hispanic,PopByRace2016.csv,2016,732600
VA,Multiple Races,PopByRace2016.csv,2016,275100
VA,Native Hawaiian/Other Pacific Islander,PopByRace2016.csv,2016,5500
VA,Total,PopByRace2016.csv,2016,8080900
VA,White,PopByRace2016.csv,2016,5035700
WA,American Indian/Alaska Native,PopByRace2016.csv,2016,77300
WA,Asian,PopByRace2016.csv,2016,577700
WA,Black,PopByRace2016.csv,2016,244000
WA,Hispanic,PopByRace2016.csv,2016,885900
WA,Multiple Races,PopByRace2016.csv,2016,345500
WA,Native Hawaiian/Other Pacific Islander,PopByRace2016.csv,2016,44800
WA,Total,PopByRace2016.csv,2016,7124100
WA,White,PopByRace2016.csv,2016,4949000
WV,American Indian/Alaska Native,PopByRace2016.csv,2016,2400
WV,Asian,PopByRace2016.csv,2016,13600
WV,Black,PopByRace2016.csv,2016,61100
WV,Hispanic,PopByRace2016.csv,2016,24300
WV,Multiple Races,PopByRace2016.csv,2016,33000
WV,Native Hawaiian/Other Pacific Islander,PopByRace2016.csv,2016,
WV,Total,PopByRace2016.csv,2016,1781700
WV,White,PopByRace2016.csv,2016,1646900
WI,American Indian/Alaska Native,PopByRace2016.csv,2016,45800
WI,Asian,PopByRace2016.csv,2016,154200
WI,Black,PopByRace2016.csv,2016,334800
WI,Hispanic,PopByRace2016.csv,2016,375000
WI,Multiple Races,PopByRace2016.csv,2016,107000
WI,Native Hawaiian/Other Pacific Islander,PopByRace2016.csv,2016,
WI,Total,PopByRace2016.csv,2016,5623300
WI,White,PopByRace2016.csv,2016,4605200
WY,American Indian/Alaska Native,PopByRace2016.csv,2016,12800
WY,Asian,PopByRace2016.csv,2016,5200
WY,Black,PopByRace2016.csv,2016,4000
WY,Hispanic,PopByRace2016.csv,2016,54700
WY,Multiple Races,PopByRace2016.csv,2016,9900
WY,Native Hawaiian/Other Pacific Islander,PopByRace2016.csv,2016,
WY,Total,PopByRace2016.csv,2016,569400
WY,White,PopByRace2016.csv,2016,482500
AL,American Indian/Alaska Native,PopByRace2015.csv,2015,16300
AL,Asian,PopByRace2015.csv,2015,55300
AL,Black,PopByRace2015.csv,2015,1251500
AL,Hispanic,PopByRace2015.csv,2015,188000
AL,Multiple Races,PopByRace2015.csv,2015,86500
AL,Native Hawaiian/Other Pacific Islander,PopByRace2015.csv,2015,
AL,Total,PopByRace2015.csv,2015,4730100
AL,White,PopByRace2015.csv,2015,3131400
AK,American Indian/Alaska Native,PopByRace2015.csv,2015,98700
AK,Asian,PopByRace2015.csv,2015,49000
AK,Black,PopByRace2015.csv,2015,22900
AK,Hispanic,PopByRace2015.csv,2015,47600
AK,Multiple Races,PopByRace2015.csv,2015,51000
AK,Native Hawaiian/Other Pacific Islander,PopByRace2015.csv,2015,2800
AK,Total,PopByRace2015.csv,2015,707500
AK,White,PopByRace2015.csv,2015,435400
AZ,American Indian/Alaska Native,PopByRace2015.csv,2015,270800
AZ,Asian,PopByRace2015.csv,2015,207300
AZ,Black,PopByRace2015.csv,2015,264200
AZ,Hispanic,PopByRace2015.csv,2015,2045900
AZ,Multiple Races,PopByRace2015.csv,2015,143100
AZ,Native Hawaiian/Other Pacific Islander,PopByRace2015.csv,2015,8900
AZ,Total,PopByRace2015.csv,2015,6655100
AZ,White,PopByRace2015.csv,2015,3714900
AR,American Indian/Alaska Native,PopByRace2015.csv,2015,18000
AR,Asian,PopByRace2015.csv,2015,39000
AR,Black,PopByRace2015.csv,2015,446400
AR,Hispanic,PopByRace2015.csv,2015,204300
AR,Multiple Races,PopByRace2015.csv,2015,62600
AR,Native Hawaiian/Other Pacific Islander,PopByRace2015.csv,2015,6100
AR,Total,PopByRace2015.csv,2015,2882300
AR,White,PopByRace2015.csv,2015,2106000
CA,American Indian/Alaska Native,PopByRace2015.csv,2015,130000
CA,Asian,PopByRace2015.csv,2015,5405400
CA,Black,PopByRace2015.csv,2015,2084000
CA,Hispanic,PopByRace2015.csv,2015,14903200
CA,Multiple Races,PopByRace2015.csv,2015,1161000
CA,Native Hawaiian/Other Pacific Islander,PopByRace2015.csv,2015,138000
CA,Total,PopByRace2015.csv,2015,38325100
CA,White,PopByRace2015.csv,2015,14503600
CO,American Indian/Alaska Native,PopByRace2015.csv,2015,25300
CO,Asian,PopByRace2015.csv,2015,160200
CO,Black,PopByRace2015.csv,2015,204900
CO,Hispanic,PopByRace2015.csv,2015,1137200
CO,Multiple Races,PopByRace2015.csv,2015,133600
CO,Native Hawaiian/Other Pacific Islander,PopByRace2015.csv,2015,7500
CO,Total,PopByRace2015.csv,2015,5315400
CO,White,PopByRace2015.csv,2015,3646600
CT,American Indian/Alaska Native,PopByRace2015.csv,2015,3700
CT,Asian,PopByRace2015.csv,2015,149000
CT,Black,PopByRace2015.csv,2015,342500
CT,Hispanic,PopByRace2015.csv,2015,540400
CT,Multiple Races,PopByRace2015.csv,2015,75600
CT,Native Hawaiian/Other Pacific Islander,PopByRace2015.csv,2015,
CT,Total,PopByRace2015.csv,2015,3478100
CT,White,PopByRace2015.csv,2015,2366300
DE,American Indian/Alaska Native,PopByRace2015.csv,2015,2200
DE,Asian,PopByRace2015.csv,2015,36000
DE,Black,PopByRace2015.csv,2015,191900
DE,Hispanic,PopByRace2015.csv,2015,83300
DE,Multiple Races,PopByRace2015.csv,2015,23900
DE,Native Hawaiian/Other Pacific Islander,PopByRace2015.csv,2015,
DE,Total,PopByRace2015.csv,2015,918300
DE,White,PopByRace2015.csv,2015,580400
FL,American Indian/Alaska Native,PopByRace2015.csv,2015,31100
FL,Asian,PopByRace2015.csv,2015,524600
FL,Black,PopByRace2015.csv,2015,3027300
FL,Hispanic,PopByRace2015.csv,2015,4883700
FL,Multiple Races,PopByRace2015.csv,2015,402700
FL,Native Hawaiian/Other Pacific Islander,PopByRace2015.csv,2015,8600
FL,Total,PopByRace2015.csv,2015,19812500
FL,White,PopByRace2015.csv,2015,10934500
GA,American Indian/Alaska Native,PopByRace2015.csv,2015,16100
GA,Asian,PopByRace2015.csv,2015,374700
GA,Black,PopByRace2015.csv,2015,3039500
GA,Hispanic,PopByRace2015.csv,2015,922200
GA,Multiple Races,PopByRace2015.csv,2015,207700
GA,Native Hawaiian/Other Pacific Islander,PopByRace2015.csv,2015,
GA,Total,PopByRace2015.csv,2015,9909700
GA,White,PopByRace2015.csv,2015,5346500
HI,American Indian/Alaska Native,PopByRace2015.csv,2015,1700
HI,Asian,PopByRace2015.csv,2015,502600
HI,Black,PopByRace2015.csv,2015,19700
HI,Hispanic,PopByRace2015.csv,2015,137100
HI,Multiple Races,PopByRace2015.csv,2015,288500
HI,Native Hawaiian/Other Pacific Islander,PopByRace2015.csv,2015,117400
HI,Total,PopByRace2015.csv,2015,1362600
HI,White,PopByRace2015.csv,2015,295700
ID,American Indian/Alaska Native,PopByRace2015.csv,2015,18000
ID,Asian,PopByRace2015.csv,2015,18200
ID,Black,PopByRace2015.csv,2015,9100
ID,Hispanic,PopByRace2015.csv,2015,192800
ID,Multiple Races,PopByRace2015.csv,2015,38200
ID,Native Hawaiian/Other Pacific Islander,PopByRace2015.csv,2015,
ID,Total,PopByRace2015.csv,2015,1617200
ID,White,PopByRace2015.csv,2015,1339100
IL,American Indian/Alaska Native,PopByRace2015.csv,2015,13300
IL,Asian,PopByRace2015.csv,2015,653200
IL,Black,PopByRace2015.csv,2015,1739800
IL,Hispanic,PopByRace2015.csv,2015,2134700
IL,Multiple Races,PopByRace2015.csv,2015,234900
IL,Native Hawaiian/Other Pacific Islander,PopByRace2015.csv,2015,3100
IL,Total,PopByRace2015.csv,2015,12549700
IL,White,PopByRace2015.csv,2015,7770700
IN,American Indian/Alaska Native,PopByRace2015.csv,2015,13000
IN,Asian,PopByRace2015.csv,2015,130600
IN,Black,PopByRace2015.csv,2015,575400
IN,Hispanic,PopByRace2015.csv,2015,424500
IN,Multiple Races,PopByRace2015.csv,2015,128500
IN,Native Hawaiian/Other Pacific Islander,PopByRace2015.csv,2015,
IN,Total,PopByRace2015.csv,2015,6415100
IN,White,PopByRace2015.csv,2015,5141100
IA,American Indian/Alaska Native,PopByRace2015.csv,2015,9400
IA,Asian,PopByRace2015.csv,2015,65600
IA,Black,PopByRace2015.csv,2015,93200
IA,Hispanic,PopByRace2015.csv,2015,169900
IA,Multiple Races,PopByRace2015.csv,2015,54000
IA,Native Hawaiian/Other Pacific Islander,PopByRace2015.csv,2015,
IA,Total,PopByRace2015.csv,2015,3019800
IA,White,PopByRace2015.csv,2015,2625300
KS,American Indian/Alaska Native,PopByRace2015.csv,2015,17900
KS,Asian,PopByRace2015.csv,2015,82300
KS,Black,PopByRace2015.csv,2015,159100
KS,Hispanic,PopByRace2015.csv,2015,326000
KS,Multiple Races,PopByRace2015.csv,2015,75700
KS,Native Hawaiian/Other Pacific Islander,PopByRace2015.csv,2015,
KS,Total,PopByRace2015.csv,2015,2816600
KS,White,PopByRace2015.csv,2015,2155100
KY,American Indian/Alaska Native,PopByRace2015.csv,2015,7900
KY,Asian,PopByRace2015.csv,2015,58800
KY,Black,PopByRace2015.csv,2015,332100
KY,Hispanic,PopByRace2015.csv,2015,139600
KY,Multiple Races,PopByRace2015.csv,2015,81100
KY,Native Hawaiian/Other Pacific Islander,PopByRace2015.csv,2015,
KY,Total,PopByRace2015.csv,2015,4283400
KY,White,PopByRace2015.csv,2015,3662100
LA,American Indian/Alaska Native,PopByRace2015.csv,2015,21100
LA,Asian,PopByRace2015.csv,2015,76900
LA,Black,PopByRace2015.csv,2015,1438800
LA,Hispanic,PopByRace2015.csv,2015,220800
LA,Multiple Races,PopByRace2015.csv,2015,80200
LA,Native Hawaiian/Other Pacific Islander,PopByRace2015.csv,2015,
LA,Total,PopByRace2015.csv,2015,4530300
LA,White,PopByRace2015.csv,2015,2692200
ME,American Indian/Alaska Native,PopByRace2015.csv,2015,6400
ME,Asian,PopByRace2015.csv,2015,13800
ME,Black,PopByRace2015.csv,2015,13700
ME,Hispanic,PopByRace2015.csv,2015,19300
ME,Multiple Races,PopByRace2015.csv,2015,28100
ME,Native Hawaiian/Other Pacific Islander,PopByRace2015.csv,2015,
ME,Total,PopByRace2015.csv,2015,1292600
ME,White,PopByRace2015.csv,2015,1211100
MD,American Indian/Alaska Native,PopByRace2015.csv,2015,9100
MD,Asian,PopByRace2015.csv,2015,372200
MD,Black,PopByRace2015.csv,2015,1680700
MD,Hispanic,PopByRace2015.csv,2015,557200
MD,Multiple Races,PopByRace2015.csv,2015,184700
MD,Native Hawaiian/Other Pacific Islander,PopByRace2015.csv,2015,
MD,Total,PopByRace2015.csv,2015,5838300
MD,White,PopByRace2015.csv,2015,3032100
MA,American Indian/Alaska Native,PopByRace2015.csv,2015,7000
MA,Asian,PopByRace2015.csv,2015,411200
MA,Black,PopByRace2015.csv,2015,437900
MA,Hispanic,PopByRace2015.csv,2015,729300
MA,Multiple Races,PopByRace2015.csv,2015,177200
MA,Native Hawaiian/Other Pacific Islander,PopByRace2015.csv,2015,
MA,Total,PopByRace2015.csv,2015,6555600
MA,White,PopByRace2015.csv,2015,4792000
MI,American Indian/Alaska Native,PopByRace2015.csv,2015,39400
MI,Asian,PopByRace2015.csv,2015,280600
MI,Black,PopByRace2015.csv,2015,1320200
MI,Hispanic,PopByRace2015.csv,2015,473300
MI,Multiple Races,PopByRace2015.csv,2015,236400
MI,Native Hawaiian/Other Pacific Islander,PopByRace2015.csv,2015,
MI,Total,PopByRace2015.csv,2015,9693800
MI,White,PopByRace2015.csv,2015,7341600
MN,American Indian/Alaska Native,PopByRace2015.csv,2015,48100
MN,Asian,PopByRace2015.csv,2015,255000
MN,Black,PopByRace2015.csv,2015,303500
MN,Hispanic,PopByRace2015.csv,2015,271400
MN,Multiple Races,PopByRace2015.csv,2015,134900
MN,Native Hawaiian/Other Pacific Islander,PopByRace2015.csv,2015,
MN,Total,PopByRace2015.csv,2015,5365600
MN,White,PopByRace2015.csv,2015,4350500
MS,American Indian/Alaska Native,PopByRace2015.csv,2015,10700
MS,Asian,PopByRace2015.csv,2015,28400
MS,Black,PopByRace2015.csv,2015,1089000
MS,Hispanic,PopByRace2015.csv,2015,77000
MS,Multiple Races,PopByRace2015.csv,2015,27700
MS,Native Hawaiian/Other Pacific Islander,PopByRace2015.csv,2015,
MS,Total,PopByRace2015.csv,2015,2889300
MS,White,PopByRace2015.csv,2015,1655400
MO,American Indian/Alaska Native,PopByRace2015.csv,2015,21900
MO,Asian,PopByRace2015.csv,2015,110500
MO,Black,PopByRace2015.csv,2015,667000
MO,Hispanic,PopByRace2015.csv,2015,229600
MO,Multiple Races,PopByRace2015.csv,2015,133500
MO,Native Hawaiian/Other Pacific Islander,PopByRace2015.csv,2015,5100
MO,Total,PopByRace2015.csv,2015,5890900
MO,White,PopByRace2015.csv,2015,4723300
MT,American Indian/Alaska Native,PopByRace2015.csv,2015,62700
MT,Asian,PopByRace2015.csv,2015,6100
MT,Black,PopByRace2015.csv,2015,3900
MT,Hispanic,PopByRace2015.csv,2015,35800
MT,Multiple Races,PopByRace2015.csv,2015,22700
MT,Native Hawaiian/Other Pacific Islander,PopByRace2015.csv,2015,
MT,Total,PopByRace2015.csv,2015,1005900
MT,White,PopByRace2015.csv,2015,873900
NE,American Indian/Alaska Native,PopByRace2015.csv,2015,15800
NE,Asian,PopByRace2015.csv,2015,37300
NE,Black,PopByRace2015.csv,2015,88200
NE,Hispanic,PopByRace2015.csv,2015,191300
NE,Multiple Races,PopByRace2015.csv,2015,30000
NE,Native Hawaiian/Other Pacific Islander,PopByRace2015.csv,2015,
NE,Total,PopByRace2015.csv,2015,1838400
NE,White,PopByRace2015.csv,2015,1475100
NV,American Indian/Alaska Native,PopByRace2015.csv,2015,23100
NV,Asian,PopByRace2015.csv,2015,227200
NV,Black,PopByRace2015.csv,2015,229800
NV,Hispanic,PopByRace2015.csv,2015,801900
NV,Multiple Races,PopByRace2015.csv,2015,107500
NV,Native Hawaiian/Other Pacific Islander,PopByRace2015.csv,2015,15200
NV,Total,PopByRace2015.csv,2015,2842700
NV,White,PopByRace2015.csv,2015,1437900
NH,American Indian/Alaska Native,PopByRace2015.csv,2015,1700
NH,Asian,PopByRace2015.csv,2015,31900
NH,Black,PopByRace2015.csv,2015,14600
NH,Hispanic,PopByRace2015.csv,2015,42000
NH,Multiple Races,PopByRace2015.csv,2015,21500
NH,Native Hawaiian/Other Pacific Islander,PopByRace2015.csv,2015,
NH,Total,PopByRace2015.csv,2015,1287600
NH,White,PopByRace2015.csv,2015,1175700
NJ,American Indian/Alaska Native,PopByRace2015.csv,2015,7700
NJ,Asian,PopByRace2015.csv,2015,829100
NJ,Black,PopByRace2015.csv,2015,1084500
NJ,Hispanic,PopByRace2015.csv,2015,1732200
NJ,Multiple Races,PopByRace2015.csv,2015,187300
NJ,Native Hawaiian/Other Pacific Islander,PopByRace2015.csv,2015,
NJ,Total,PopByRace2015.csv,2015,8776300
NJ,White,PopByRace2015.csv,2015,4933200
NM,American Indian/Alaska Native,PopByRace2015.csv,2015,174500
NM,Asian,PopByRace2015.csv,2015,27900
NM,Black,PopByRace2015.csv,2015,33700
NM,Hispanic,PopByRace2015.csv,2015,980800
NM,Multiple Races,PopByRace2015.csv,2015,36500
NM,Native Hawaiian/Other Pacific Islander,PopByRace2015.csv,2015,
NM,Total,PopByRace2015.csv,2015,2035300
NM,White,PopByRace2015.csv,2015,780300
NY,American Indian/Alaska Native,PopByRace2015.csv,2015,40300
NY,Asian,PopByRace2015.csv,2015,1635600
NY,Black,PopByRace2015.csv,2015,2737800
NY,Hispanic,PopByRace2015.csv,2015,3641400
NY,Multiple Races,PopByRace2015.csv,2015,437200
NY,Native Hawaiian/Other Pacific Islander,PopByRace2015.csv,2015,5900
NY,Total,PopByRace2015.csv,2015,19269200
NY,White,PopByRace2015.csv,2015,10771000
NC,American Indian/Alaska Native,PopByRace2015.csv,2015,103300
NC,Asian,PopByRace2015.csv,2015,259200
NC,Black,PopByRace2015.csv,2015,2063700
NC,Hispanic,PopByRace2015.csv,2015,888700
NC,Multiple Races,PopByRace2015.csv,2015,203000
NC,Native Hawaiian/Other Pacific Islander,PopByRace2015.csv,2015,
NC,Total,PopByRace2015.csv,2015,9733700
NC,White,PopByRace2015.csv,2015,6213600
ND,American Indian/Alaska Native,PopByRace2015.csv,2015,35800
ND,Asian,PopByRace2015.csv,2015,8500
ND,Black,PopByRace2015.csv,2015,9800
ND,Hispanic,PopByRace2015.csv,2015,24600
ND,Multiple Races,PopByRace2015.csv,2015,20300
ND,Native Hawaiian/Other Pacific Islander,PopByRace2015.csv,2015,
ND,Total,PopByRace2015.csv,2015,726400
ND,White,PopByRace2015.csv,2015,626300
OH,American Indian/Alaska Native,PopByRace2015.csv,2015,14700
OH,Asian,PopByRace2015.csv,2015,224600
OH,Black,PopByRace2015.csv,2015,1349300
OH,Hispanic,PopByRace2015.csv,2015,396000
OH,Multiple Races,PopByRace2015.csv,2015,278900
OH,Native Hawaiian/Other Pacific Islander,PopByRace2015.csv,2015,
OH,Total,PopByRace2015.csv,2015,11293300
OH,White,PopByRace2015.csv,2015,9026200
OK,American Indian/Alaska Native,PopByRace2015.csv,2015,259800
OK,Asian,PopByRace2015.csv,2015,75200
OK,Black,PopByRace2015.csv,2015,260000
OK,Hispanic,PopByRace2015.csv,2015,383500
OK,Multiple Races,PopByRace2015.csv,2015,278100
OK,Native Hawaiian/Other Pacific Islander,PopByRace2015.csv,2015,
OK,Total,PopByRace2015.csv,2015,3783700
OK,White,PopByRace2015.csv,2015,2524700
OR,American Indian/Alaska Native,PopByRace2015.csv,2015,36900
OR,Asian,PopByRace2015.csv,2015,159600
OR,Black,PopByRace2015.csv,2015,67500
OR,Hispanic,PopByRace2015.csv,2015,499700
OR,Multiple Races,PopByRace2015.csv,2015,141800
OR,Native Hawaiian/Other Pacific Islander,PopByRace2015.csv,2015,14200
OR,Total,PopByRace2015.csv,2015,3948700
OR,White,PopByRace2015.csv,2015,3029100
PA,American Indian/Alaska Native,PopByRace2015.csv,2015,12800
PA,Asian,PopByRace2015.csv,2015,407700
PA,Black,PopByRace2015.csv,2015,1267000
PA,Hispanic,PopByRace2015.csv,2015,830600
PA,Multiple Races,PopByRace2015.csv,2015,251300
PA,Native Hawaiian/Other Pacific Islander,PopByRace2015.csv,2015,
PA,Total,PopByRace2015.csv,2015,12386400
PA,White,PopByRace2015.csv,2015,9614500
RI,American Indian/Alaska Native,PopByRace2015.csv,2015,3300
RI,Asian,PopByRace2015.csv,2015,33600
RI,Black,PopByRace2015.csv,2015,52800
RI,Hispanic,PopByRace2015.csv,2015,148000
RI,Multiple Races,PopByRace2015.csv,2015,32900
RI,Native Hawaiian/Other Pacific Islander,PopByRace2015.csv,2015,
RI,Total,PopByRace2015.csv,2015,1014400
RI,White,PopByRace2015.csv,2015,743500
SC,American Indian/Alaska Native,PopByRace2015.csv,2015,13500
SC,Asian,PopByRace2015.csv,2015,66900
SC,Black,PopByRace2015.csv,2015,1279000
SC,Hispanic,PopByRace2015.csv,2015,249800
SC,Multiple Races,PopByRace2015.csv,2015,89400
SC,Native Hawaiian/Other Pacific Islander,PopByRace2015.csv,2015,
SC,Total,PopByRace2015.csv,2015,4734000
SC,White,PopByRace2015.csv,2015,3031800
SD,American Indian/Alaska Native,PopByRace2015.csv,2015,62100
SD,Asian,PopByRace2015.csv,2015,9900
SD,Black,PopByRace2015.csv,2015,11400
SD,Hispanic,PopByRace2015.csv,2015,28100
SD,Multiple Races,PopByRace2015.csv,2015,29900
SD,Native Hawaiian/Other Pacific Islander,PopByRace2015.csv,2015,
SD,Total,PopByRace2015.csv,2015,829000
SD,White,PopByRace2015.csv,2015,686800
TN,American Indian/Alaska Native,PopByRace2015.csv,2015,17900
TN,Asian,PopByRace2015.csv,2015,100700
TN,Black,PopByRace2015.csv,2015,1063400
TN,Hispanic,PopByRace2015.csv,2015,325900
TN,Multiple Races,PopByRace2015.csv,2015,131000
TN,Native Hawaiian/Other Pacific Islander,PopByRace2015.csv,2015,
TN,Total,PopByRace2015.csv,2015,6422800
TN,White,PopByRace2015.csv,2015,4782000
TX,American Indian/Alaska Native,PopByRace2015.csv,2015,59000
TX,Asian,PopByRace2015.csv,2015,1215700
TX,Black,PopByRace2015.csv,2015,3074800
TX,Hispanic,PopByRace2015.csv,2015,10466100
TX,Multiple Races,PopByRace2015.csv,2015,444100
TX,Native Hawaiian/Other Pacific Islander,PopByRace2015.csv,2015,17500
TX,Total,PopByRace2015.csv,2015,26777500
TX,White,PopByRace2015.csv,2015,11500100
UT,American Indian/Alaska Native,PopByRace2015.csv,2015,30500
UT,Asian,PopByRace2015.csv,2015,70100
UT,Black,PopByRace2015.csv,2015,32400
UT,Hispanic,PopByRace2015.csv,2015,403000
UT,Multiple Races,PopByRace2015.csv,2015,64800
UT,Native Hawaiian/Other Pacific Islander,PopByRace2015.csv,2015,18100
UT,Total,PopByRace2015.csv,2015,2945200
UT,White,PopByRace2015.csv,2015,2326300
VT,American Indian/Alaska Native,PopByRace2015.csv,2015,
VT,Asian,PopByRace2015.csv,2015,8100
VT,Black,PopByRace2015.csv,2015,7400
VT,Hispanic,PopByRace2015.csv,2015,9300
VT,Multiple Races,PopByRace2015.csv,2015,11200
VT,Native Hawaiian/Other Pacific Islander,PopByRace2015.csv,2015,
VT,Total,PopByRace2015.csv,2015,602400
VT,White,PopByRace2015.csv,2015,563900
VA,American Indian/Alaska Native,PopByRace2015.csv,2015,15000
VA,Asian,PopByRace2015.csv,2015,514300
VA,Black,PopByRace2015.csv,2015,1492500
VA,Hispanic,PopByRace2015.csv,2015,722700
VA,Multiple Races,PopByRace2015.csv,2015,250500
VA,Native Hawaiian/Other Pacific Islander,PopByRace2015.csv,2015,3000
VA,Total,PopByRace2015.csv,2015,8051200
VA,White,PopByRace2015.csv,2015,5053300
WA,American Indian/Alaska Native,PopByRace2015.csv,2015,77500
WA,Asian,PopByRace2015.csv,2015,554600
WA,Black,PopByRace2015.csv,2015,242200
WA,Hispanic,PopByRace2015.csv,2015,863700
WA,Multiple Races,PopByRace2015.csv,2015,327000
WA,Native Hawaiian/Other Pacific Islander,PopByRace2015.csv,2015,45800
WA,Total,PopByRace2015.csv,2015,7002800
WA,White,PopByRace2015.csv,2015,4892000
WV,American Indian/Alaska Native,PopByRace2015.csv,2015,
WV,Asian,PopByRace2015.csv,2015,14900
WV,Black,PopByRace2015.csv,2015,61000
WV,Hispanic,PopByRace2015.csv,2015,24000
WV,Multiple Races,PopByRace2015.csv,2015,27400
WV,Native Hawaiian/Other Pacific Islander,PopByRace2015.csv,2015,
WV,Total,PopByRace2015.csv,2015,1791500
WV,White,PopByRace2015.csv,2015,1662300
WI,American Indian/Alaska Native,PopByRace2015.csv,2015,46100
WI,Asian,PopByRace2015.csv,2015,148700
WI,Black,PopByRace2015.csv,2015,338600
WI,Hispanic,PopByRace2015.csv,2015,369600
WI,Multiple Races,PopByRace2015.csv,2015,104300
WI,Native Hawaiian/Other Pacific Islander,PopByRace2015.csv,2015,
WI,Total,PopByRace2015.csv,2015,5620900
WI,White,PopByRace2015.csv,2015,4613000
WY,American Indian/Alaska Native,PopByRace2015.csv,2015,10800
WY,Asian,PopByRace2015.csv,2015,4300
WY,Black,PopByRace2015.csv,2015,4500
WY,Hispanic,PopByRace2015.csv,2015,56200
WY,Multiple Races,PopByRace2015.csv,2015,13500
WY,Native Hawaiian/Other Pacific Islander,PopByRace2015.csv,2015,
WY,Total,PopByRace2015.csv,2015,568900
WY,White,PopByRace2015.csv,2015,479400
AL,American Indian/Alaska Native,PopByRace2017.csv,2017,19800
AL,Asian,PopByRace2017.csv,2017,63800
AL,Black,PopByRace2017.csv,2017,1259900
AL,Hispanic,PopByRace2017.csv,2017,195700
AL,Multiple Races,PopByRace2017.csv,2017,81800
AL,Native Hawaiian/Other Pacific Islander,PopByRace2017.csv,2017,
AL,Total,PopByRace2017.csv,2017,4741400
AL,White,PopByRace2017.csv,2017,3119100
AK,American Indian/Alaska Native,PopByRace2017.csv,2017,95500
AK,Asian,PopByRace2017.csv,2017,46600
AK,Black,PopByRace2017.csv,2017,18000
AK,Hispanic,PopByRace2017.csv,2017,47400
AK,Multiple Races,PopByRace2017.csv,2017,63300
AK,Native Hawaiian/Other Pacific Islander,PopByRace2017.csv,2017,6300
AK,Total,PopByRace2017.csv,2017,710100
AK,White,PopByRace2017.csv,2017,433000
AZ,American Indian/Alaska Native,PopByRace2017.csv,2017,261300
AZ,Asian,PopByRace2017.csv,2017,220300
AZ,Black,PopByRace2017.csv,2017,270200
AZ,Hispanic,PopByRace2017.csv,2017,2143400
AZ,Multiple Races,PopByRace2017.csv,2017,172000
AZ,Native Hawaiian/Other Pacific Islander,PopByRace2017.csv,2017,12500
AZ,Total,PopByRace2017.csv,2017,6841300
AZ,White,PopByRace2017.csv,2017,3761600
AR,American Indian/Alaska Native,PopByRace2017.csv,2017,13500
AR,Asian,PopByRace2017.csv,2017,48100
AR,Black,PopByRace2017.csv,2017,434100
AR,Hispanic,PopByRace2017.csv,2017,220300
AR,Multiple Races,PopByRace2017.csv,2017,77500
AR,Native Hawaiian/Other Pacific Islander,PopByRace2017.csv,2017,7300
AR,Total,PopByRace2017.csv,2017,2910000
AR,White,PopByRace2017.csv,2017,2109200
CA,American Indian/Alaska Native,PopByRace2017.csv,2017,138100
CA,Asian,PopByRace2017.csv,2017,5598000
CA,Black,PopByRace2017.csv,2017,2061600
CA,Hispanic,PopByRace2017.csv,2017,15194400
CA,Multiple Races,PopByRace2017.csv,2017,1293200
CA,Native Hawaiian/Other Pacific Islander,PopByRace2017.csv,2017,122900
CA,Total,PopByRace2017.csv,2017,38713900
CA,White,PopByRace2017.csv,2017,14305700
CO,American Indian/Alaska Native,PopByRace2017.csv,2017,30300
CO,Asian,PopByRace2017.csv,2017,171300
CO,Black,PopByRace2017.csv,2017,204600
CO,Hispanic,PopByRace2017.csv,2017,1179000
CO,Multiple Races,PopByRace2017.csv,2017,142200
CO,Native Hawaiian/Other Pacific Islander,PopByRace2017.csv,2017,6400
CO,Total,PopByRace2017.csv,2017,5461100
CO,White,PopByRace2017.csv,2017,3727100
CT,American Indian/Alaska Native,PopByRace2017.csv,2017,6700
CT,Asian,PopByRace2017.csv,2017,155300
CT,Black,PopByRace2017.csv,2017,336800
CT,Hispanic,PopByRace2017.csv,2017,566200
CT,Multiple Races,PopByRace2017.csv,2017,92600
CT,Native Hawaiian/Other Pacific Islander,PopByRace2017.csv,2017,
CT,Total,PopByRace2017.csv,2017,3478700
CT,White,PopByRace2017.csv,2017,2320900
DE,American Indian/Alaska Native,PopByRace2017.csv,2017,
DE,Asian,PopByRace2017.csv,2017,37300
DE,Black,PopByRace2017.csv,2017,197900
DE,Hispanic,PopByRace2017.csv,2017,85900
DE,Multiple Races,PopByRace2017.csv,2017,24900
DE,Native Hawaiian/Other Pacific Islander,PopByRace2017.csv,2017,
DE,Total,PopByRace2017.csv,2017,931700
DE,White,PopByRace2017.csv,2017,583100
FL,American Indian/Alaska Native,PopByRace2017.csv,2017,38400
FL,Asian,PopByRace2017.csv,2017,571900
FL,Black,PopByRace2017.csv,2017,3097400
FL,Hispanic,PopByRace2017.csv,2017,5292800
FL,Multiple Races,PopByRace2017.csv,2017,462800
FL,Native Hawaiian/Other Pacific Islander,PopByRace2017.csv,2017,10300
FL,Total,PopByRace2017.csv,2017,20532300
FL,White,PopByRace2017.csv,2017,11058700
GA,American Indian/Alaska Native,PopByRace2017.csv,2017,18100
GA,Asian,PopByRace2017.csv,2017,400800
GA,Black,PopByRace2017.csv,2017,3130400
GA,Hispanic,PopByRace2017.csv,2017,974200
GA,Multiple Races,PopByRace2017.csv,2017,241600
GA,Native Hawaiian/Other Pacific Islander,PopByRace2017.csv,2017,
GA,Total,PopByRace2017.csv,2017,10121400
GA,White,PopByRace2017.csv,2017,5349500
HI,American Indian/Alaska Native,PopByRace2017.csv,2017,1300
HI,Asian,PopByRace2017.csv,2017,517600
HI,Black,PopByRace2017.csv,2017,14100
HI,Hispanic,PopByRace2017.csv,2017,137900
HI,Multiple Races,PopByRace2017.csv,2017,275100
HI,Native Hawaiian/Other Pacific Islander,PopByRace2017.csv,2017,130200
HI,Total,PopByRace2017.csv,2017,1356100
HI,White,PopByRace2017.csv,2017,280000
ID,American Indian/Alaska Native,PopByRace2017.csv,2017,17500
ID,Asian,PopByRace2017.csv,2017,22300
ID,Black,PopByRace2017.csv,2017,9500
ID,Hispanic,PopByRace2017.csv,2017,207700
ID,Multiple Races,PopByRace2017.csv,2017,42100
ID,Native Hawaiian/Other Pacific Islander,PopByRace2017.csv,2017,
ID,Total,PopByRace2017.csv,2017,1682100
ID,White,PopByRace2017.csv,2017,1381400
IL,American Indian/Alaska Native,PopByRace2017.csv,2017,10400
IL,Asian,PopByRace2017.csv,2017,679300
IL,Black,PopByRace2017.csv,2017,1706000
IL,Hispanic,PopByRace2017.csv,2017,2171200
IL,Multiple Races,PopByRace2017.csv,2017,259900
IL,Native Hawaiian/Other Pacific Islander,PopByRace2017.csv,2017,
IL,Total,PopByRace2017.csv,2017,12496600
IL,White,PopByRace2017.csv,2017,7664800
IN,American Indian/Alaska Native,PopByRace2017.csv,2017,9600
IN,Asian,PopByRace2017.csv,2017,136100
IN,Black,PopByRace2017.csv,2017,585200
IN,Hispanic,PopByRace2017.csv,2017,448700
IN,Multiple Races,PopByRace2017.csv,2017,151700
IN,Native Hawaiian/Other Pacific Islander,PopByRace2017.csv,2017,
IN,Total,PopByRace2017.csv,2017,6459400
IN,White,PopByRace2017.csv,2017,5127000
IA,American Indian/Alaska Native,PopByRace2017.csv,2017,7900
IA,Asian,PopByRace2017.csv,2017,81000
IA,Black,PopByRace2017.csv,2017,92800
IA,Hispanic,PopByRace2017.csv,2017,180800
IA,Multiple Races,PopByRace2017.csv,2017,61500
IA,Native Hawaiian/Other Pacific Islander,PopByRace2017.csv,2017,
IA,Total,PopByRace2017.csv,2017,3045600
IA,White,PopByRace2017.csv,2017,2616900
KS,American Indian/Alaska Native,PopByRace2017.csv,2017,16900
KS,Asian,PopByRace2017.csv,2017,84300
KS,Black,PopByRace2017.csv,2017,148500
KS,Hispanic,PopByRace2017.csv,2017,335400
KS,Multiple Races,PopByRace2017.csv,2017,83400
KS,Native Hawaiian/Other Pacific Islander,PopByRace2017.csv,2017,
KS,Total,PopByRace2017.csv,2017,2817600
KS,White,PopByRace2017.csv,2017,2145200
KY,American Indian/Alaska Native,PopByRace2017.csv,2017,5500
KY,Asian,PopByRace2017.csv,2017,62400
KY,Black,PopByRace2017.csv,2017,339300
KY,Hispanic,PopByRace2017.csv,2017,148500
KY,Multiple Races,PopByRace2017.csv,2017,92600
KY,Native Hawaiian/Other Pacific Islander,PopByRace2017.csv,2017,
KY,Total,PopByRace2017.csv,2017,4307100
KY,White,PopByRace2017.csv,2017,3655800
LA,American Indian/Alaska Native,PopByRace2017.csv,2017,21400
LA,Asian,PopByRace2017.csv,2017,82400
LA,Black,PopByRace2017.csv,2017,1444600
LA,Hispanic,PopByRace2017.csv,2017,234300
LA,Multiple Races,PopByRace2017.csv,2017,88200
LA,Native Hawaiian/Other Pacific Islander,PopByRace2017.csv,2017,
LA,Total,PopByRace2017.csv,2017,4541500
LA,White,PopByRace2017.csv,2017,2669900
ME,American Indian/Alaska Native,PopByRace2017.csv,2017,8500
ME,Asian,PopByRace2017.csv,2017,14100
ME,Black,PopByRace2017.csv,2017,14600
ME,Hispanic,PopByRace2017.csv,2017,20600
ME,Multiple Races,PopByRace2017.csv,2017,24400
ME,Native Hawaiian/Other Pacific Islander,PopByRace2017.csv,2017,
ME,Total,PopByRace2017.csv,2017,1300200
ME,White,PopByRace2017.csv,2017,1218000
MD,American Indian/Alaska Native,PopByRace2017.csv,2017,11500
MD,Asian,PopByRace2017.csv,2017,384600
MD,Black,PopByRace2017.csv,2017,1720600
MD,Hispanic,PopByRace2017.csv,2017,600300
MD,Multiple Races,PopByRace2017.csv,2017,184600
MD,Native Hawaiian/Other Pacific Islander,PopByRace2017.csv,2017,2500
MD,Total,PopByRace2017.csv,2017,5892900
MD,White,PopByRace2017.csv,2017,2988800
MA,American Indian/Alaska Native,PopByRace2017.csv,2017,9100
MA,Asian,PopByRace2017.csv,2017,424700
MA,Black,PopByRace2017.csv,2017,459100
MA,Hispanic,PopByRace2017.csv,2017,785300
MA,Multiple Races,PopByRace2017.csv,2017,194800
MA,Native Hawaiian/Other Pacific Islander,PopByRace2017.csv,2017,
MA,Total,PopByRace2017.csv,2017,6620600
MA,White,PopByRace2017.csv,2017,4746900
MI,American Indian/Alaska Native,PopByRace2017.csv,2017,42800
MI,Asian,PopByRace2017.csv,2017,299700
MI,Black,PopByRace2017.csv,2017,1313800
MI,Hispanic,PopByRace2017.csv,2017,489200
MI,Multiple Races,PopByRace2017.csv,2017,249300
MI,Native Hawaiian/Other Pacific Islander,PopByRace2017.csv,2017,
MI,Total,PopByRace2017.csv,2017,9720300
MI,White,PopByRace2017.csv,2017,7322500
MN,American Indian/Alaska Native,PopByRace2017.csv,2017,49500
MN,Asian,PopByRace2017.csv,2017,262800
MN,Black,PopByRace2017.csv,2017,346100
MN,Hispanic,PopByRace2017.csv,2017,285400
MN,Multiple Races,PopByRace2017.csv,2017,140300
MN,Native Hawaiian/Other Pacific Islander,PopByRace2017.csv,2017,
MN,Total,PopByRace2017.csv,2017,5446600
MN,White,PopByRace2017.csv,2017,4358900
MS,American Indian/Alaska Native,PopByRace2017.csv,2017,11800
MS,Asian,PopByRace2017.csv,2017,26800
MS,Black,PopByRace2017.csv,2017,1087600
MS,Hispanic,PopByRace2017.csv,2017,79500
MS,Multiple Races,PopByRace2017.csv,2017,35300
MS,Native Hawaiian/Other Pacific Islander,PopByRace2017.csv,2017,
MS,Total,PopByRace2017.csv,2017,2884500
MS,White,PopByRace2017.csv,2017,1642100
MO,American Indian/Alaska Native,PopByRace2017.csv,2017,21800
MO,Asian,PopByRace2017.csv,2017,119900
MO,Black,PopByRace2017.csv,2017,657900
MO,Hispanic,PopByRace2017.csv,2017,247400
MO,Multiple Races,PopByRace2017.csv,2017,148800
MO,Native Hawaiian/Other Pacific Islander,PopByRace2017.csv,2017,9100
MO,Total,PopByRace2017.csv,2017,5921300
MO,White,PopByRace2017.csv,2017,4716400
MT,American Indian/Alaska Native,PopByRace2017.csv,2017,60100
MT,Asian,PopByRace2017.csv,2017,6900
MT,Black,PopByRace2017.csv,2017,4300
MT,Hispanic,PopByRace2017.csv,2017,36300
MT,Multiple Races,PopByRace2017.csv,2017,29700
MT,Native Hawaiian/Other Pacific Islander,PopByRace2017.csv,2017,
MT,Total,PopByRace2017.csv,2017,1022600
MT,White,PopByRace2017.csv,2017,884600
NE,American Indian/Alaska Native,PopByRace2017.csv,2017,11800
NE,Asian,PopByRace2017.csv,2017,47000
NE,Black,PopByRace2017.csv,2017,80600
NE,Hispanic,PopByRace2017.csv,2017,203900
NE,Multiple Races,PopByRace2017.csv,2017,41700
NE,Native Hawaiian/Other Pacific Islander,PopByRace2017.csv,2017,
NE,Total,PopByRace2017.csv,2017,1859200
NE,White,PopByRace2017.csv,2017,1472600
NV,American Indian/Alaska Native,PopByRace2017.csv,2017,26900
NV,Asian,PopByRace2017.csv,2017,248600
NV,Black,PopByRace2017.csv,2017,257000
NV,Hispanic,PopByRace2017.csv,2017,851600
NV,Multiple Races,PopByRace2017.csv,2017,102600
NV,Native Hawaiian/Other Pacific Islander,PopByRace2017.csv,2017,18500
NV,Total,PopByRace2017.csv,2017,2946600
NV,White,PopByRace2017.csv,2017,1441400
NH,American Indian/Alaska Native,PopByRace2017.csv,2017,1100
NH,Asian,PopByRace2017.csv,2017,35400
NH,Black,PopByRace2017.csv,2017,17200
NH,Hispanic,PopByRace2017.csv,2017,47000
NH,Multiple Races,PopByRace2017.csv,2017,20800
NH,Native Hawaiian/Other Pacific Islander,PopByRace2017.csv,2017,
NH,Total,PopByRace2017.csv,2017,1297000
NH,White,PopByRace2017.csv,2017,1175300
NJ,American Indian/Alaska Native,PopByRace2017.csv,2017,9100
NJ,Asian,PopByRace2017.csv,2017,865000
NJ,Black,PopByRace2017.csv,2017,1101200
NJ,Hispanic,PopByRace2017.csv,2017,1812000
NJ,Multiple Races,PopByRace2017.csv,2017,183400
NJ,Native Hawaiian/Other Pacific Islander,PopByRace2017.csv,2017,
NJ,Total,PopByRace2017.csv,2017,8823900
NJ,White,PopByRace2017.csv,2017,4851700
NM,American Indian/Alaska Native,PopByRace2017.csv,2017,183800
NM,Asian,PopByRace2017.csv,2017,25800
NM,Black,PopByRace2017.csv,2017,32800
NM,Hispanic,PopByRace2017.csv,2017,998200
NM,Multiple Races,PopByRace2017.csv,2017,36500
NM,Native Hawaiian/Other Pacific Islander,PopByRace2017.csv,2017,
NM,Total,PopByRace2017.csv,2017,2038200
NM,White,PopByRace2017.csv,2017,760000
NY,American Indian/Alaska Native,PopByRace2017.csv,2017,41600
NY,Asian,PopByRace2017.csv,2017,1684600
NY,Black,PopByRace2017.csv,2017,2735300
NY,Hispanic,PopByRace2017.csv,2017,3722400
NY,Multiple Races,PopByRace2017.csv,2017,474700
NY,Native Hawaiian/Other Pacific Islander,PopByRace2017.csv,2017,4700
NY,Total,PopByRace2017.csv,2017,19315700
NY,White,PopByRace2017.csv,2017,10652400
NC,American Indian/Alaska Native,PopByRace2017.csv,2017,106100
NC,Asian,PopByRace2017.csv,2017,279600
NC,Black,PopByRace2017.csv,2017,2087600
NC,Hispanic,PopByRace2017.csv,2017,935400
NC,Multiple Races,PopByRace2017.csv,2017,254600
NC,Native Hawaiian/Other Pacific Islander,PopByRace2017.csv,2017,6200
NC,Total,PopByRace2017.csv,2017,9948800
NC,White,PopByRace2017.csv,2017,6279300
ND,American Indian/Alaska Native,PopByRace2017.csv,2017,40400
ND,Asian,PopByRace2017.csv,2017,12200
ND,Black,PopByRace2017.csv,2017,21100
ND,Hispanic,PopByRace2017.csv,2017,24500
ND,Multiple Races,PopByRace2017.csv,2017,12400
ND,Native Hawaiian/Other Pacific Islander,PopByRace2017.csv,2017,
ND,Total,PopByRace2017.csv,2017,726000
ND,White,PopByRace2017.csv,2017,614500
OH,American Indian/Alaska Native,PopByRace2017.csv,2017,17200
OH,Asian,PopByRace2017.csv,2017,249700
OH,Black,PopByRace2017.csv,2017,1356900
OH,Hispanic,PopByRace2017.csv,2017,420200
OH,Multiple Races,PopByRace2017.csv,2017,311300
OH,Native Hawaiian/Other Pacific Islander,PopByRace2017.csv,2017,4200
OH,Total,PopByRace2017.csv,2017,11323500
OH,White,PopByRace2017.csv,2017,8964000
OK,American Indian/Alaska Native,PopByRace2017.csv,2017,281500
OK,Asian,PopByRace2017.csv,2017,78400
OK,Black,PopByRace2017.csv,2017,262800
OK,Hispanic,PopByRace2017.csv,2017,400200
OK,Multiple Races,PopByRace2017.csv,2017,268100
OK,Native Hawaiian/Other Pacific Islander,PopByRace2017.csv,2017,5300
OK,Total,PopByRace2017.csv,2017,3803700
OK,White,PopByRace2017.csv,2017,2507400
OR,American Indian/Alaska Native,PopByRace2017.csv,2017,35300
OR,Asian,PopByRace2017.csv,2017,181500
OR,Black,PopByRace2017.csv,2017,70500
OR,Hispanic,PopByRace2017.csv,2017,529600
OR,Multiple Races,PopByRace2017.csv,2017,155900
OR,Native Hawaiian/Other Pacific Islander,PopByRace2017.csv,2017,10300
OR,Total,PopByRace2017.csv,2017,4063000
OR,White,PopByRace2017.csv,2017,3079800
PA,American Indian/Alaska Native,PopByRace2017.csv,2017,12100
PA,Asian,PopByRace2017.csv,2017,424000
PA,Black,PopByRace2017.csv,2017,1294800
PA,Hispanic,PopByRace2017.csv,2017,906500
PA,Multiple Races,PopByRace2017.csv,2017,249900
PA,Native Hawaiian/Other Pacific Islander,PopByRace2017.csv,2017,
PA,Total,PopByRace2017.csv,2017,12389100
PA,White,PopByRace2017.csv,2017,9498700
RI,American Indian/Alaska Native,PopByRace2017.csv,2017,2800
RI,Asian,PopByRace2017.csv,2017,35700
RI,Black,PopByRace2017.csv,2017,54900
RI,Hispanic,PopByRace2017.csv,2017,157900
RI,Multiple Races,PopByRace2017.csv,2017,30000
RI,Native Hawaiian/Other Pacific Islander,PopByRace2017.csv,2017,
RI,Total,PopByRace2017.csv,2017,1015900
RI,White,PopByRace2017.csv,2017,733300
SC,American Indian/Alaska Native,PopByRace2017.csv,2017,12600
SC,Asian,PopByRace2017.csv,2017,73500
SC,Black,PopByRace2017.csv,2017,1297600
SC,Hispanic,PopByRace2017.csv,2017,270000
SC,Multiple Races,PopByRace2017.csv,2017,95700
SC,Native Hawaiian/Other Pacific Islander,PopByRace2017.csv,2017,
SC,Total,PopByRace2017.csv,2017,4864600
SC,White,PopByRace2017.csv,2017,3111700
SD,American Indian/Alaska Native,PopByRace2017.csv,2017,70200
SD,Asian,PopByRace2017.csv,2017,10800
SD,Black,PopByRace2017.csv,2017,17400
SD,Hispanic,PopByRace2017.csv,2017,29800
SD,Multiple Races,PopByRace2017.csv,2017,18000
SD,Native Hawaiian/Other Pacific Islander,PopByRace2017.csv,2017,
SD,Total,PopByRace2017.csv,2017,837000
SD,White,PopByRace2017.csv,2017,690400
TN,American Indian/Alaska Native,PopByRace2017.csv,2017,13400
TN,Asian,PopByRace2017.csv,2017,116100
TN,Black,PopByRace2017.csv,2017,1074900
TN,Hispanic,PopByRace2017.csv,2017,351400
TN,Multiple Races,PopByRace2017.csv,2017,133900
TN,Native Hawaiian/Other Pacific Islander,PopByRace2017.csv,2017,
TN,Total,PopByRace2017.csv,2017,6538200
TN,White,PopByRace2017.csv,2017,4847000
TX,American Indian/Alaska Native,PopByRace2017.csv,2017,69700
TX,Asian,PopByRace2017.csv,2017,1317300
TX,Black,PopByRace2017.csv,2017,3196500
TX,Hispanic,PopByRace2017.csv,2017,10951000
TX,Multiple Races,PopByRace2017.csv,2017,508600
TX,Native Hawaiian/Other Pacific Islander,PopByRace2017.csv,2017,18400
TX,Total,PopByRace2017.csv,2017,27621300
TX,White,PopByRace2017.csv,2017,11559700
UT,American Indian/Alaska Native,PopByRace2017.csv,2017,27000
UT,Asian,PopByRace2017.csv,2017,74200
UT,Black,PopByRace2017.csv,2017,33000
UT,Hispanic,PopByRace2017.csv,2017,425000
UT,Multiple Races,PopByRace2017.csv,2017,69300
UT,Native Hawaiian/Other Pacific Islander,PopByRace2017.csv,2017,26600
UT,Total,PopByRace2017.csv,2017,3047400
UT,White,PopByRace2017.csv,2017,2392300
VT,American Indian/Alaska Native,PopByRace2017.csv,2017,
VT,Asian,PopByRace2017.csv,2017,10300
VT,Black,PopByRace2017.csv,2017,7000
VT,Hispanic,PopByRace2017.csv,2017,10400
VT,Multiple Races,PopByRace2017.csv,2017,12000
VT,Native Hawaiian/Other Pacific Islander,PopByRace2017.csv,2017,
VT,Total,PopByRace2017.csv,2017,600200
VT,White,PopByRace2017.csv,2017,559000
VA,American Indian/Alaska Native,PopByRace2017.csv,2017,18100
VA,Asian,PopByRace2017.csv,2017,533400
VA,Black,PopByRace2017.csv,2017,1507600
VA,Hispanic,PopByRace2017.csv,2017,758500
VA,Multiple Races,PopByRace2017.csv,2017,280700
VA,Native Hawaiian/Other Pacific Islander,PopByRace2017.csv,2017,3200
VA,Total,PopByRace2017.csv,2017,8140700
VA,White,PopByRace2017.csv,2017,5039200
WA,American Indian/Alaska Native,PopByRace2017.csv,2017,68600
WA,Asian,PopByRace2017.csv,2017,617900
WA,Black,PopByRace2017.csv,2017,246900
WA,Hispanic,PopByRace2017.csv,2017,916000
WA,Multiple Races,PopByRace2017.csv,2017,372200
WA,Native Hawaiian/Other Pacific Islander,PopByRace2017.csv,2017,42200
WA,Total,PopByRace2017.csv,2017,7239800
WA,White,PopByRace2017.csv,2017,4976100
WV,American Indian/Alaska Native,PopByRace2017.csv,2017,2000
WV,Asian,PopByRace2017.csv,2017,14200
WV,Black,PopByRace2017.csv,2017,64300
WV,Hispanic,PopByRace2017.csv,2017,20400
WV,Multiple Races,PopByRace2017.csv,2017,28800
WV,Native Hawaiian/Other Pacific Islander,PopByRace2017.csv,2017,
WV,Total,PopByRace2017.csv,2017,1762100
WV,White,PopByRace2017.csv,2017,1631600
WI,American Indian/Alaska Native,PopByRace2017.csv,2017,43500
WI,Asian,PopByRace2017.csv,2017,166800
WI,Black,PopByRace2017.csv,2017,328100
WI,Hispanic,PopByRace2017.csv,2017,382000
WI,Multiple Races,PopByRace2017.csv,2017,120600
WI,Native Hawaiian/Other Pacific Islander,PopByRace2017.csv,2017,
WI,Total,PopByRace2017.csv,2017,5643000
WI,White,PopByRace2017.csv,2017,4600500
WY,American Indian/Alaska Native,PopByRace2017.csv,2017,12100
WY,Asian,PopByRace2017.csv,2017,4200
WY,Black,PopByRace2017.csv,2017,5300
WY,Hispanic,PopByRace2017.csv,2017,56100
WY,Multiple Races,PopByRace2017.csv,2017,11200
WY,Native Hawaiian/Other Pacific Islander,PopByRace2017.csv,2017,
WY,Total,PopByRace2017.csv,2017,563300
WY,White,PopByRace2017.csv,2017,474400
AL,American Indian/Alaska Native,PopByRace2019.csv,2019,18800
AL,Asian,PopByRace2019.csv,2019,65200
AL,Black,PopByRace2019.csv,2019,1263500
AL,Hispanic,PopByRace2019.csv,2019,211700
AL,Multiple Races,PopByRace2019.csv,2019,89200
AL,Native Hawaiian/Other Pacific Islander,PopByRace2019.csv,2019,
AL,Total,PopByRace2019.csv,2019,4767100
AL,White,PopByRace2019.csv,2019,3117200
AK,American Indian/Alaska Native,PopByRace2019.csv,2019,106000
AK,Asian,PopByRace2019.csv,2019,42000
AK,Black,PopByRace2019.csv,2019,15200
AK,Hispanic,PopByRace2019.csv,2019,48900
AK,Multiple Races,PopByRace2019.csv,2019,58200
AK,Native Hawaiian/Other Pacific Islander,PopByRace2019.csv,2019,10400
AK,Total,PopByRace2019.csv,2019,701700
AK,White,PopByRace2019.csv,2019,421100
AZ,American Indian/Alaska Native,PopByRace2019.csv,2019,276100
AZ,Asian,PopByRace2019.csv,2019,231000
AZ,Black,PopByRace2019.csv,2019,306600
AZ,Hispanic,PopByRace2019.csv,2019,2254800
AZ,Multiple Races,PopByRace2019.csv,2019,173400
AZ,Native Hawaiian/Other Pacific Islander,PopByRace2019.csv,2019,12500
AZ,Total,PopByRace2019.csv,2019,7098000
AZ,White,PopByRace2019.csv,2019,3843700
AR,American Indian/Alaska Native,PopByRace2019.csv,2019,16700
AR,Asian,PopByRace2019.csv,2019,45500
AR,Black,PopByRace2019.csv,2019,444200
AR,Hispanic,PopByRace2019.csv,2019,226800
AR,Multiple Races,PopByRace2019.csv,2019,70100
AR,Native Hawaiian/Other Pacific Islander,PopByRace2019.csv,2019,10800
AR,Total,PopByRace2019.csv,2019,2922500
AR,White,PopByRace2019.csv,2019,2108400
CA,American Indian/Alaska Native,PopByRace2019.csv,2019,138800
CA,Asian,PopByRace2019.csv,2019,5691100
CA,Black,PopByRace2019.csv,2019,2066300
CA,Hispanic,PopByRace2019.csv,2019,15271400
CA,Multiple Races,PopByRace2019.csv,2019,1290700
CA,Native Hawaiian/Other Pacific Islander,PopByRace2019.csv,2019,137000
CA,Total,PopByRace2019.csv,2019,38642700
CA,White,PopByRace2019.csv,2019,14047400
CO,American Indian/Alaska Native,PopByRace2019.csv,2019,29400
CO,Asian,PopByRace2019.csv,2019,180300
CO,Black,PopByRace2019.csv,2019,211100
CO,Hispanic,PopByRace2019.csv,2019,1221900
CO,Multiple Races,PopByRace2019.csv,2019,158700
CO,Native Hawaiian/Other Pacific Islander,PopByRace2019.csv,2019,6200
CO,Total,PopByRace2019.csv,2019,5611800
CO,White,PopByRace2019.csv,2019,3804100
CT,American Indian/Alaska Native,PopByRace2019.csv,2019,5600
CT,Asian,PopByRace2019.csv,2019,158600
CT,Black,PopByRace2019.csv,2019,346400
CT,Hispanic,PopByRace2019.csv,2019,583300
CT,Multiple Races,PopByRace2019.csv,2019,90100
CT,Native Hawaiian/Other Pacific Islander,PopByRace2019.csv,2019,
CT,Total,PopByRace2019.csv,2019,3453300
CT,White,PopByRace2019.csv,2019,2268200
DE,American Indian/Alaska Native,PopByRace2019.csv,2019,3000
DE,Asian,PopByRace2019.csv,2019,36900
DE,Black,PopByRace2019.csv,2019,205100
DE,Hispanic,PopByRace2019.csv,2019,91100
DE,Multiple Races,PopByRace2019.csv,2019,26300
DE,Native Hawaiian/Other Pacific Islander,PopByRace2019.csv,2019,
DE,Total,PopByRace2019.csv,2019,940300
DE,White,PopByRace2019.csv,2019,577700
FL,American Indian/Alaska Native,PopByRace2019.csv,2019,39900
FL,Asian,PopByRace2019.csv,2019,573500
FL,Black,PopByRace2019.csv,2019,3150100
FL,Hispanic,PopByRace2019.csv,2019,5583900
FL,Multiple Races,PopByRace2019.csv,2019,513300
FL,Native Hawaiian/Other Pacific Islander,PopByRace2019.csv,2019,12200
FL,Total,PopByRace2019.csv,2019,20992000
FL,White,PopByRace2019.csv,2019,11119200
GA,American Indian/Alaska Native,PopByRace2019.csv,2019,19700
GA,Asian,PopByRace2019.csv,2019,422400
GA,Black,PopByRace2019.csv,2019,3225900
GA,Hispanic,PopByRace2019.csv,2019,1011800
GA,Multiple Races,PopByRace2019.csv,2019,253900
GA,Native Hawaiian/Other Pacific Islander,PopByRace2019.csv,2019,5800
GA,Total,PopByRace2019.csv,2019,10294000
GA,White,PopByRace2019.csv,2019,5354500
HI,American Indian/Alaska Native,PopByRace2019.csv,2019,1600
HI,Asian,PopByRace2019.csv,2019,528600
HI,Black,PopByRace2019.csv,2019,16400
HI,Hispanic,PopByRace2019.csv,2019,137900
HI,Multiple Races,PopByRace2019.csv,2019,247200
HI,Native Hawaiian/Other Pacific Islander,PopByRace2019.csv,2019,136900
HI,Total,PopByRace2019.csv,2019,1343000
HI,White,PopByRace2019.csv,2019,274400
ID,American Indian/Alaska Native,PopByRace2019.csv,2019,15900
ID,Asian,PopByRace2019.csv,2019,21600
ID,Black,PopByRace2019.csv,2019,11500
ID,Hispanic,PopByRace2019.csv,2019,225600
ID,Multiple Races,PopByRace2019.csv,2019,44800
ID,Native Hawaiian/Other Pacific Islander,PopByRace2019.csv,2019,
ID,Total,PopByRace2019.csv,2019,1750900
ID,White,PopByRace2019.csv,2019,1429500
IL,American Indian/Alaska Native,PopByRace2019.csv,2019,11300
IL,Asian,PopByRace2019.csv,2019,695500
IL,Black,PopByRace2019.csv,2019,1679900
IL,Hispanic,PopByRace2019.csv,2019,2177500
IL,Multiple Races,PopByRace2019.csv,2019,272500
IL,Native Hawaiian/Other Pacific Islander,PopByRace2019.csv,2019,3000
IL,Total,PopByRace2019.csv,2019,12362300
IL,White,PopByRace2019.csv,2019,7522700
IN,American Indian/Alaska Native,PopByRace2019.csv,2019,12300
IN,Asian,PopByRace2019.csv,2019,158800
IN,Black,PopByRace2019.csv,2019,600500
IN,Hispanic,PopByRace2019.csv,2019,471000
IN,Multiple Races,PopByRace2019.csv,2019,151300
IN,Native Hawaiian/Other Pacific Islander,PopByRace2019.csv,2019,
IN,Total,PopByRace2019.csv,2019,6511800
IN,White,PopByRace2019.csv,2019,5116000
IA,American Indian/Alaska Native,PopByRace2019.csv,2019,8800
IA,Asian,PopByRace2019.csv,2019,71600
IA,Black,PopByRace2019.csv,2019,119200
IA,Hispanic,PopByRace2019.csv,2019,191600
IA,Multiple Races,PopByRace2019.csv,2019,57400
IA,Native Hawaiian/Other Pacific Islander,PopByRace2019.csv,2019,1000
IA,Total,PopByRace2019.csv,2019,3060200
IA,White,PopByRace2019.csv,2019,2610600
KS,American Indian/Alaska Native,PopByRace2019.csv,2019,17500
KS,Asian,PopByRace2019.csv,2019,79900
KS,Black,PopByRace2019.csv,2019,153300
KS,Hispanic,PopByRace2019.csv,2019,341900
KS,Multiple Races,PopByRace2019.csv,2019,89100
KS,Native Hawaiian/Other Pacific Islander,PopByRace2019.csv,2019,
KS,Total,PopByRace2019.csv,2019,2811200
KS,White,PopByRace2019.csv,2019,2128700
KY,American Indian/Alaska Native,PopByRace2019.csv,2019,4900
KY,Asian,PopByRace2019.csv,2019,70400
KY,Black,PopByRace2019.csv,2019,344900
KY,Hispanic,PopByRace2019.csv,2019,160800
KY,Multiple Races,PopByRace2019.csv,2019,87500
KY,Native Hawaiian/Other Pacific Islander,PopByRace2019.csv,2019,
KY,Total,PopByRace2019.csv,2019,4319300
KY,White,PopByRace2019.csv,2019,3648500
LA,American Indian/Alaska Native,PopByRace2019.csv,2019,21600
LA,Asian,PopByRace2019.csv,2019,76600
LA,Black,PopByRace2019.csv,2019,1433000
LA,Hispanic,PopByRace2019.csv,2019,235800
LA,Multiple Races,PopByRace2019.csv,2019,86900
LA,Native Hawaiian/Other Pacific Islander,PopByRace2019.csv,2019,
LA,Total,PopByRace2019.csv,2019,4498600
LA,White,PopByRace2019.csv,2019,2643900
ME,American Indian/Alaska Native,PopByRace2019.csv,2019,9700
ME,Asian,PopByRace2019.csv,2019,14500
ME,Black,PopByRace2019.csv,2019,17800
ME,Hispanic,PopByRace2019.csv,2019,21900
ME,Multiple Races,PopByRace2019.csv,2019,24600
ME,Native Hawaiian/Other Pacific Islander,PopByRace2019.csv,2019,
ME,Total,PopByRace2019.csv,2019,1302300
ME,White,PopByRace2019.csv,2019,1213500
MD,American Indian/Alaska Native,PopByRace2019.csv,2019,12400
MD,Asian,PopByRace2019.csv,2019,373300
MD,Black,PopByRace2019.csv,2019,1741500
MD,Hispanic,PopByRace2019.csv,2019,624500
MD,Multiple Races,PopByRace2019.csv,2019,188100
MD,Native Hawaiian/Other Pacific Islander,PopByRace2019.csv,2019,
MD,Total,PopByRace2019.csv,2019,5875500
MD,White,PopByRace2019.csv,2019,2934100
MA,American Indian/Alaska Native,PopByRace2019.csv,2019,12000
MA,Asian,PopByRace2019.csv,2019,448000
MA,Black,PopByRace2019.csv,2019,466200
MA,Hispanic,PopByRace2019.csv,2019,824100
MA,Multiple Races,PopByRace2019.csv,2019,210800
MA,Native Hawaiian/Other Pacific Islander,PopByRace2019.csv,2019,2600
MA,Total,PopByRace2019.csv,2019,6650800
MA,White,PopByRace2019.csv,2019,4687000
MI,American Indian/Alaska Native,PopByRace2019.csv,2019,47100
MI,Asian,PopByRace2019.csv,2019,315900
MI,Black,PopByRace2019.csv,2019,1305100
MI,Hispanic,PopByRace2019.csv,2019,514600
MI,Multiple Races,PopByRace2019.csv,2019,264900
MI,Native Hawaiian/Other Pacific Islander,PopByRace2019.csv,2019,
MI,Total,PopByRace2019.csv,2019,9765600
MI,White,PopByRace2019.csv,2019,7316400
MN,American Indian/Alaska Native,PopByRace2019.csv,2019,50900
MN,Asian,PopByRace2019.csv,2019,272500
MN,Black,PopByRace2019.csv,2019,353700
MN,Hispanic,PopByRace2019.csv,2019,307300
MN,Multiple Races,PopByRace2019.csv,2019,165900
MN,Native Hawaiian/Other Pacific Islander,PopByRace2019.csv,2019,
MN,Total,PopByRace2019.csv,2019,5514800
MN,White,PopByRace2019.csv,2019,4361600
MS,American Indian/Alaska Native,PopByRace2019.csv,2019,11000
MS,Asian,PopByRace2019.csv,2019,28600
MS,Black,PopByRace2019.csv,2019,1078300
MS,Hispanic,PopByRace2019.csv,2019,85900
MS,Multiple Races,PopByRace2019.csv,2019,40700
MS,Native Hawaiian/Other Pacific Islander,PopByRace2019.csv,2019,
MS,Total,PopByRace2019.csv,2019,2867100
MS,White,PopByRace2019.csv,2019,1622400
MO,American Indian/Alaska Native,PopByRace2019.csv,2019,21200
MO,Asian,PopByRace2019.csv,2019,122500
MO,Black,PopByRace2019.csv,2019,667100
MO,Hispanic,PopByRace2019.csv,2019,253900
MO,Multiple Races,PopByRace2019.csv,2019,152000
MO,Native Hawaiian/Other Pacific Islander,PopByRace2019.csv,2019,8200
MO,Total,PopByRace2019.csv,2019,5939900
MO,White,PopByRace2019.csv,2019,4715000
MT,American Indian/Alaska Native,PopByRace2019.csv,2019,62900
MT,Asian,PopByRace2019.csv,2019,7900
MT,Black,PopByRace2019.csv,2019,5900
MT,Hispanic,PopByRace2019.csv,2019,38300
MT,Multiple Races,PopByRace2019.csv,2019,28700
MT,Native Hawaiian/Other Pacific Islander,PopByRace2019.csv,2019,
MT,Total,PopByRace2019.csv,2019,1039400
MT,White,PopByRace2019.csv,2019,895200
NE,American Indian/Alaska Native,PopByRace2019.csv,2019,14800
NE,Asian,PopByRace2019.csv,2019,45200
NE,Black,PopByRace2019.csv,2019,89200
NE,Hispanic,PopByRace2019.csv,2019,212200
NE,Multiple Races,PopByRace2019.csv,2019,40200
NE,Native Hawaiian/Other Pacific Islander,PopByRace2019.csv,2019,
NE,Total,PopByRace2019.csv,2019,1873600
NE,White,PopByRace2019.csv,2019,1470900
NV,American Indian/Alaska Native,PopByRace2019.csv,2019,26700
NV,Asian,PopByRace2019.csv,2019,257500
NV,Black,PopByRace2019.csv,2019,279000
NV,Hispanic,PopByRace2019.csv,2019,888400
NV,Multiple Races,PopByRace2019.csv,2019,111900
NV,Native Hawaiian/Other Pacific Islander,PopByRace2019.csv,2019,17500
NV,Total,PopByRace2019.csv,2019,3029700
NV,White,PopByRace2019.csv,2019,1448800
NH,American Indian/Alaska Native,PopByRace2019.csv,2019,
NH,Asian,PopByRace2019.csv,2019,34800
NH,Black,PopByRace2019.csv,2019,17600
NH,Hispanic,PopByRace2019.csv,2019,51500
NH,Multiple Races,PopByRace2019.csv,2019,27600
NH,Native Hawaiian/Other Pacific Islander,PopByRace2019.csv,2019,
NH,Total,PopByRace2019.csv,2019,1314000
NH,White,PopByRace2019.csv,2019,1179700
NJ,American Indian/Alaska Native,PopByRace2019.csv,2019,8800
NJ,Asian,PopByRace2019.csv,2019,836400
NJ,Black,PopByRace2019.csv,2019,1081400
NJ,Hispanic,PopByRace2019.csv,2019,1822900
NJ,Multiple Races,PopByRace2019.csv,2019,209000
NJ,Native Hawaiian/Other Pacific Islander,PopByRace2019.csv,2019,
NJ,Total,PopByRace2019.csv,2019,8699400
NJ,White,PopByRace2019.csv,2019,4738500
NM,American Indian/Alaska Native,PopByRace2019.csv,2019,176600
NM,Asian,PopByRace2019.csv,2019,32900
NM,Black,PopByRace2019.csv,2019,35000
NM,Hispanic,PopByRace2019.csv,2019,1010200
NM,Multiple Races,PopByRace2019.csv,2019,36000
NM,Native Hawaiian/Other Pacific Islander,PopByRace2019.csv,2019,
NM,Total,PopByRace2019.csv,2019,2041400
NM,White,PopByRace2019.csv,2019,750000
NY,American Indian/Alaska Native,PopByRace2019.csv,2019,39100
NY,Asian,PopByRace2019.csv,2019,1625500
NY,Black,PopByRace2019.csv,2019,2651600
NY,Hispanic,PopByRace2019.csv,2019,3649800
NY,Multiple Races,PopByRace2019.csv,2019,507900
NY,Native Hawaiian/Other Pacific Islander,PopByRace2019.csv,2019,
NY,Total,PopByRace2019.csv,2019,18908300
NY,White,PopByRace2019.csv,2019,10432200
NC,American Indian/Alaska Native,PopByRace2019.csv,2019,112600
NC,Asian,PopByRace2019.csv,2019,294400
NC,Black,PopByRace2019.csv,2019,2124200
NC,Hispanic,PopByRace2019.csv,2019,987900
NC,Multiple Races,PopByRace2019.csv,2019,260600
NC,Native Hawaiian/Other Pacific Islander,PopByRace2019.csv,2019,4800
NC,Total,PopByRace2019.csv,2019,10139700
NC,White,PopByRace2019.csv,2019,6355400
ND,American Indian/Alaska Native,PopByRace2019.csv,2019,38000
ND,Asian,PopByRace2019.csv,2019,10400
ND,Black,PopByRace2019.csv,2019,17900
ND,Hispanic,PopByRace2019.csv,2019,29400
ND,Multiple Races,PopByRace2019.csv,2019,19100
ND,Native Hawaiian/Other Pacific Islander,PopByRace2019.csv,2019,
ND,Total,PopByRace2019.csv,2019,731000
ND,White,PopByRace2019.csv,2019,614600
OH,American Indian/Alaska Native,PopByRace2019.csv,2019,15800
OH,Asian,PopByRace2019.csv,2019,260500
OH,Black,PopByRace2019.csv,2019,1380000
OH,Hispanic,PopByRace2019.csv,2019,452300
OH,Multiple Races,PopByRace2019.csv,2019,321400
OH,Native Hawaiian/Other Pacific Islander,PopByRace2019.csv,2019,
OH,Total,PopByRace2019.csv,2019,11351500
OH,White,PopByRace2019.csv,2019,8918300
OK,American Indian/Alaska Native,PopByRace2019.csv,2019,295000
OK,Asian,PopByRace2019.csv,2019,78900
OK,Black,PopByRace2019.csv,2019,262800
OK,Hispanic,PopByRace2019.csv,2019,424600
OK,Multiple Races,PopByRace2019.csv,2019,272800
OK,Native Hawaiian/Other Pacific Islander,PopByRace2019.csv,2019,4600
OK,Total,PopByRace2019.csv,2019,3826900
OK,White,PopByRace2019.csv,2019,2488200
OR,American Indian/Alaska Native,PopByRace2019.csv,2019,38900
OR,Asian,PopByRace2019.csv,2019,192000
OR,Black,PopByRace2019.csv,2019,72900
OR,Hispanic,PopByRace2019.csv,2019,553400
OR,Multiple Races,PopByRace2019.csv,2019,163100
OR,Native Hawaiian/Other Pacific Islander,PopByRace2019.csv,2019,10900
OR,Total,PopByRace2019.csv,2019,4128900
OR,White,PopByRace2019.csv,2019,3097700
PA,American Indian/Alaska Native,PopByRace2019.csv,2019,14200
PA,Asian,PopByRace2019.csv,2019,438000
PA,Black,PopByRace2019.csv,2019,1282000
PA,Hispanic,PopByRace2019.csv,2019,960500
PA,Multiple Races,PopByRace2019.csv,2019,279200
PA,Native Hawaiian/Other Pacific Islander,PopByRace2019.csv,2019,2300
PA,Total,PopByRace2019.csv,2019,12377600
PA,White,PopByRace2019.csv,2019,9401500
RI,American Indian/Alaska Native,PopByRace2019.csv,2019,2300
RI,Asian,PopByRace2019.csv,2019,34000
RI,Black,PopByRace2019.csv,2019,60300
RI,Hispanic,PopByRace2019.csv,2019,169100
RI,Multiple Races,PopByRace2019.csv,2019,33900
RI,Native Hawaiian/Other Pacific Islander,PopByRace2019.csv,2019,
RI,Total,PopByRace2019.csv,2019,1017100
RI,White,PopByRace2019.csv,2019,717300
SC,American Indian/Alaska Native,PopByRace2019.csv,2019,14300
SC,Asian,PopByRace2019.csv,2019,84100
SC,Black,PopByRace2019.csv,2019,1307200
SC,Hispanic,PopByRace2019.csv,2019,285200
SC,Multiple Races,PopByRace2019.csv,2019,108300
SC,Native Hawaiian/Other Pacific Islander,PopByRace2019.csv,2019,
SC,Total,PopByRace2019.csv,2019,4984200
SC,White,PopByRace2019.csv,2019,3177000
SD,American Indian/Alaska Native,PopByRace2019.csv,2019,71500
SD,Asian,PopByRace2019.csv,2019,11000
SD,Black,PopByRace2019.csv,2019,18800
SD,Hispanic,PopByRace2019.csv,2019,31400
SD,Multiple Races,PopByRace2019.csv,2019,20500
SD,Native Hawaiian/Other Pacific Islander,PopByRace2019.csv,2019,
SD,Total,PopByRace2019.csv,2019,851300
SD,White,PopByRace2019.csv,2019,697500
TN,American Indian/Alaska Native,PopByRace2019.csv,2019,17200
TN,Asian,PopByRace2019.csv,2019,120600
TN,Black,PopByRace2019.csv,2019,1088500
TN,Hispanic,PopByRace2019.csv,2019,378900
TN,Multiple Races,PopByRace2019.csv,2019,148700
TN,Native Hawaiian/Other Pacific Islander,PopByRace2019.csv,2019,
TN,Total,PopByRace2019.csv,2019,6640900
TN,White,PopByRace2019.csv,2019,4884500
TX,American Indian/Alaska Native,PopByRace2019.csv,2019,76800
TX,Asian,PopByRace2019.csv,2019,1409700
TX,Black,PopByRace2019.csv,2019,3297200
TX,Hispanic,PopByRace2019.csv,2019,11300500
TX,Multiple Races,PopByRace2019.csv,2019,545800
TX,Native Hawaiian/Other Pacific Islander,PopByRace2019.csv,2019,19000
TX,Total,PopByRace2019.csv,2019,28286200
TX,White,PopByRace2019.csv,2019,11637100
UT,American Indian/Alaska Native,PopByRace2019.csv,2019,31100
UT,Asian,PopByRace2019.csv,2019,72800
UT,Black,PopByRace2019.csv,2019,32600
UT,Hispanic,PopByRace2019.csv,2019,455000
UT,Multiple Races,PopByRace2019.csv,2019,84400
UT,Native Hawaiian/Other Pacific Islander,PopByRace2019.csv,2019,25800
UT,Total,PopByRace2019.csv,2019,3154100
UT,White,PopByRace2019.csv,2019,2452300
VT,American Indian/Alaska Native,PopByRace2019.csv,2019,4000
VT,Asian,PopByRace2019.csv,2019,9700
VT,Black,PopByRace2019.csv,2019,6700
VT,Hispanic,PopByRace2019.csv,2019,10600
VT,Multiple Races,PopByRace2019.csv,2019,11900
VT,Native Hawaiian/Other Pacific Islander,PopByRace2019.csv,2019,
VT,Total,PopByRace2019.csv,2019,598100
VT,White,PopByRace2019.csv,2019,555100
VA,American Indian/Alaska Native,PopByRace2019.csv,2019,13600
VA,Asian,PopByRace2019.csv,2019,551900
VA,Black,PopByRace2019.csv,2019,1543100
VA,Hispanic,PopByRace2019.csv,2019,787100
VA,Multiple Races,PopByRace2019.csv,2019,268300
VA,Native Hawaiian/Other Pacific Islander,PopByRace2019.csv,2019,3900
VA,Total,PopByRace2019.csv,2019,8185100
VA,White,PopByRace2019.csv,2019,5017100
WA,American Indian/Alaska Native,PopByRace2019.csv,2019,82400
WA,Asian,PopByRace2019.csv,2019,662400
WA,Black,PopByRace2019.csv,2019,282700
WA,Hispanic,PopByRace2019.csv,2019,964700
WA,Multiple Races,PopByRace2019.csv,2019,371100
WA,Native Hawaiian/Other Pacific Islander,PopByRace2019.csv,2019,47400
WA,Total,PopByRace2019.csv,2019,7423900
WA,White,PopByRace2019.csv,2019,5013200
WV,American Indian/Alaska Native,PopByRace2019.csv,2019,3900
WV,Asian,PopByRace2019.csv,2019,14200
WV,Black,PopByRace2019.csv,2019,55900
WV,Hispanic,PopByRace2019.csv,2019,24800
WV,Multiple Races,PopByRace2019.csv,2019,31200
WV,Native Hawaiian/Other Pacific Islander,PopByRace2019.csv,2019,
WV,Total,PopByRace2019.csv,2019,1739000
WV,White,PopByRace2019.csv,2019,1609000
WI,American Indian/Alaska Native,PopByRace2019.csv,2019,37400
WI,Asian,PopByRace2019.csv,2019,169100
WI,Black,PopByRace2019.csv,2019,349200
WI,Hispanic,PopByRace2019.csv,2019,401700
WI,Multiple Races,PopByRace2019.csv,2019,114100
WI,Native Hawaiian/Other Pacific Islander,PopByRace2019.csv,2019,
WI,Total,PopByRace2019.csv,2019,5677100
WI,White,PopByRace2019.csv,2019,4602500
WY,American Indian/Alaska Native,PopByRace2019.csv,2019,12300
WY,Asian,PopByRace2019.csv,2019,3400
WY,Black,PopByRace2019.csv,2019,5400
WY,Hispanic,PopByRace2019.csv,2019,57100
WY,Multiple Races,PopByRace2019.csv,2019,12000
WY,Native Hawaiian/Other Pacific Islander,PopByRace2019.csv,2019,
WY,Total,PopByRace2019.csv,2019,562700
WY,White,PopByRace2019.csv,2019,471600
AL,American Indian/Alaska Native,PopByRace2018.csv,2018,19000
AL,Asian,PopByRace2018.csv,2018,63800
AL,Black,PopByRace2018.csv,2018,1257300
AL,Hispanic,PopByRace2018.csv,2018,204800
AL,Multiple Races,PopByRace2018.csv,2018,90700
AL,Native Hawaiian/Other Pacific Islander,PopByRace2018.csv,2018,
AL,Total,PopByRace2018.csv,2018,4752600
AL,White,PopByRace2018.csv,2018,3115600
AK,American Indian/Alaska Native,PopByRace2018.csv,2018,110300
AK,Asian,PopByRace2018.csv,2018,43200
AK,Black,PopByRace2018.csv,2018,20700
AK,Hispanic,PopByRace2018.csv,2018,50200
AK,Multiple Races,PopByRace2018.csv,2018,51100
AK,Native Hawaiian/Other Pacific Islander,PopByRace2018.csv,2018,7400
AK,Total,PopByRace2018.csv,2018,709100
AK,White,PopByRace2018.csv,2018,426100
AZ,American Indian/Alaska Native,PopByRace2018.csv,2018,271900
AZ,Asian,PopByRace2018.csv,2018,227200
AZ,Black,PopByRace2018.csv,2018,297000
AZ,Hispanic,PopByRace2018.csv,2018,2213600
AZ,Multiple Races,PopByRace2018.csv,2018,167400
AZ,Native Hawaiian/Other Pacific Islander,PopByRace2018.csv,2018,12000
AZ,Total,PopByRace2018.csv,2018,7004300
AZ,White,PopByRace2018.csv,2018,3815100
AR,American Indian/Alaska Native,PopByRace2018.csv,2018,17000
AR,Asian,PopByRace2018.csv,2018,44200
AR,Black,PopByRace2018.csv,2018,436900
AR,Hispanic,PopByRace2018.csv,2018,224900
AR,Multiple Races,PopByRace2018.csv,2018,79700
AR,Native Hawaiian/Other Pacific Islander,PopByRace2018.csv,2018,8200
AR,Total,PopByRace2018.csv,2018,2921300
AR,White,PopByRace2018.csv,2018,2110400
CA,American Indian/Alaska Native,PopByRace2018.csv,2018,120300
CA,Asian,PopByRace2018.csv,2018,5669100
CA,Black,PopByRace2018.csv,2018,2074900
CA,Hispanic,PopByRace2018.csv,2018,15261300
CA,Multiple Races,PopByRace2018.csv,2018,1286000
CA,Native Hawaiian/Other Pacific Islander,PopByRace2018.csv,2018,127200
CA,Total,PopByRace2018.csv,2018,38745900
CA,White,PopByRace2018.csv,2018,14206900
CO,American Indian/Alaska Native,PopByRace2018.csv,2018,27600
CO,Asian,PopByRace2018.csv,2018,176400
CO,Black,PopByRace2018.csv,2018,212200
CO,Hispanic,PopByRace2018.csv,2018,1200900
CO,Multiple Races,PopByRace2018.csv,2018,158000
CO,Native Hawaiian/Other Pacific Islander,PopByRace2018.csv,2018,5400
CO,Total,PopByRace2018.csv,2018,5555200
CO,White,PopByRace2018.csv,2018,3774700
CT,American Indian/Alaska Native,PopByRace2018.csv,2018,4900
CT,Asian,PopByRace2018.csv,2018,161300
CT,Black,PopByRace2018.csv,2018,343000
CT,Hispanic,PopByRace2018.csv,2018,576400
CT,Multiple Races,PopByRace2018.csv,2018,82500
CT,Native Hawaiian/Other Pacific Islander,PopByRace2018.csv,2018,
CT,Total,PopByRace2018.csv,2018,3466300
CT,White,PopByRace2018.csv,2018,2298100
DE,American Indian/Alaska Native,PopByRace2018.csv,2018,3300
DE,Asian,PopByRace2018.csv,2018,39100
DE,Black,PopByRace2018.csv,2018,199900
DE,Hispanic,PopByRace2018.csv,2018,88900
DE,Multiple Races,PopByRace2018.csv,2018,23700
DE,Native Hawaiian/Other Pacific Islander,PopByRace2018.csv,2018,
DE,Total,PopByRace2018.csv,2018,937700
DE,White,PopByRace2018.csv,2018,582600
FL,American Indian/Alaska Native,PopByRace2018.csv,2018,39300
FL,Asian,PopByRace2018.csv,2018,571800
FL,Black,PopByRace2018.csv,2018,3141700
FL,Hispanic,PopByRace2018.csv,2018,5488400
FL,Multiple Races,PopByRace2018.csv,2018,491600
FL,Native Hawaiian/Other Pacific Islander,PopByRace2018.csv,2018,9000
FL,Total,PopByRace2018.csv,2018,20843500
FL,White,PopByRace2018.csv,2018,11101600
GA,American Indian/Alaska Native,PopByRace2018.csv,2018,16300
GA,Asian,PopByRace2018.csv,2018,421200
GA,Black,PopByRace2018.csv,2018,3158000
GA,Hispanic,PopByRace2018.csv,2018,994300
GA,Multiple Races,PopByRace2018.csv,2018,252400
GA,Native Hawaiian/Other Pacific Islander,PopByRace2018.csv,2018,12700
GA,Total,PopByRace2018.csv,2018,10212800
GA,White,PopByRace2018.csv,2018,5358000
HI,American Indian/Alaska Native,PopByRace2018.csv,2018,
HI,Asian,PopByRace2018.csv,2018,512800
HI,Black,PopByRace2018.csv,2018,20400
HI,Hispanic,PopByRace2018.csv,2018,142100
HI,Multiple Races,PopByRace2018.csv,2018,270100
HI,Native Hawaiian/Other Pacific Islander,PopByRace2018.csv,2018,129500
HI,Total,PopByRace2018.csv,2018,1354800
HI,White,PopByRace2018.csv,2018,278500
ID,American Indian/Alaska Native,PopByRace2018.csv,2018,18100
ID,Asian,PopByRace2018.csv,2018,27300
ID,Black,PopByRace2018.csv,2018,9300
ID,Hispanic,PopByRace2018.csv,2018,217500
ID,Multiple Races,PopByRace2018.csv,2018,37100
ID,Native Hawaiian/Other Pacific Islander,PopByRace2018.csv,2018,
ID,Total,PopByRace2018.csv,2018,1719600
ID,White,PopByRace2018.csv,2018,1407600
IL,American Indian/Alaska Native,PopByRace2018.csv,2018,14600
IL,Asian,PopByRace2018.csv,2018,700500
IL,Black,PopByRace2018.csv,2018,1685200
IL,Hispanic,PopByRace2018.csv,2018,2173800
IL,Multiple Races,PopByRace2018.csv,2018,271800
IL,Native Hawaiian/Other Pacific Islander,PopByRace2018.csv,2018,4000
IL,Total,PopByRace2018.csv,2018,12438400
IL,White,PopByRace2018.csv,2018,7588300
IN,American Indian/Alaska Native,PopByRace2018.csv,2018,8500
IN,Asian,PopByRace2018.csv,2018,147400
IN,Black,PopByRace2018.csv,2018,600600
IN,Hispanic,PopByRace2018.csv,2018,460900
IN,Multiple Races,PopByRace2018.csv,2018,145400
IN,Native Hawaiian/Other Pacific Islander,PopByRace2018.csv,2018,
IN,Total,PopByRace2018.csv,2018,6487100
IN,White,PopByRace2018.csv,2018,5121300
IA,American Indian/Alaska Native,PopByRace2018.csv,2018,9000
IA,Asian,PopByRace2018.csv,2018,79400
IA,Black,PopByRace2018.csv,2018,102300
IA,Hispanic,PopByRace2018.csv,2018,186400
IA,Multiple Races,PopByRace2018.csv,2018,60400
IA,Native Hawaiian/Other Pacific Islander,PopByRace2018.csv,2018,
IA,Total,PopByRace2018.csv,2018,3056800
IA,White,PopByRace2018.csv,2018,2614600
KS,American Indian/Alaska Native,PopByRace2018.csv,2018,16000
KS,Asian,PopByRace2018.csv,2018,78800
KS,Black,PopByRace2018.csv,2018,150700
KS,Hispanic,PopByRace2018.csv,2018,336500
KS,Multiple Races,PopByRace2018.csv,2018,91000
KS,Native Hawaiian/Other Pacific Islander,PopByRace2018.csv,2018,
KS,Total,PopByRace2018.csv,2018,2814700
KS,White,PopByRace2018.csv,2018,2137700
KY,American Indian/Alaska Native,PopByRace2018.csv,2018,5600
KY,Asian,PopByRace2018.csv,2018,63100
KY,Black,PopByRace2018.csv,2018,328400
KY,Hispanic,PopByRace2018.csv,2018,155000
KY,Multiple Races,PopByRace2018.csv,2018,100900
KY,Native Hawaiian/Other Pacific Islander,PopByRace2018.csv,2018,
KY,Total,PopByRace2018.csv,2018,4320300
KY,White,PopByRace2018.csv,2018,3664300
LA,American Indian/Alaska Native,PopByRace2018.csv,2018,22700
LA,Asian,PopByRace2018.csv,2018,72900
LA,Black,PopByRace2018.csv,2018,1429700
LA,Hispanic,PopByRace2018.csv,2018,229400
LA,Multiple Races,PopByRace2018.csv,2018,105500
LA,Native Hawaiian/Other Pacific Islander,PopByRace2018.csv,2018,
LA,Total,PopByRace2018.csv,2018,4519300
LA,White,PopByRace2018.csv,2018,2658300
ME,American Indian/Alaska Native,PopByRace2018.csv,2018,5100
ME,Asian,PopByRace2018.csv,2018,17100
ME,Black,PopByRace2018.csv,2018,17400
ME,Hispanic,PopByRace2018.csv,2018,19500
ME,Multiple Races,PopByRace2018.csv,2018,26900
ME,Native Hawaiian/Other Pacific Islander,PopByRace2018.csv,2018,
ME,Total,PopByRace2018.csv,2018,1299500
ME,White,PopByRace2018.csv,2018,1213400
MD,American Indian/Alaska Native,PopByRace2018.csv,2018,8900
MD,Asian,PopByRace2018.csv,2018,374500
MD,Black,PopByRace2018.csv,2018,1720400
MD,Hispanic,PopByRace2018.csv,2018,613900
MD,Multiple Races,PopByRace2018.csv,2018,197600
MD,Native Hawaiian/Other Pacific Islander,PopByRace2018.csv,2018,
MD,Total,PopByRace2018.csv,2018,5870800
MD,White,PopByRace2018.csv,2018,2953400
MA,American Indian/Alaska Native,PopByRace2018.csv,2018,11000
MA,Asian,PopByRace2018.csv,2018,444600
MA,Black,PopByRace2018.csv,2018,465500
MA,Hispanic,PopByRace2018.csv,2018,824800
MA,Multiple Races,PopByRace2018.csv,2018,195000
MA,Native Hawaiian/Other Pacific Islander,PopByRace2018.csv,2018,
MA,Total,PopByRace2018.csv,2018,6659900
MA,White,PopByRace2018.csv,2018,4717100
MI,American Indian/Alaska Native,PopByRace2018.csv,2018,48200
MI,Asian,PopByRace2018.csv,2018,315800
MI,Black,PopByRace2018.csv,2018,1321900
MI,Hispanic,PopByRace2018.csv,2018,502900
MI,Multiple Races,PopByRace2018.csv,2018,252000
MI,Native Hawaiian/Other Pacific Islander,PopByRace2018.csv,2018,
MI,Total,PopByRace2018.csv,2018,9770000
MI,White,PopByRace2018.csv,2018,7327100
MN,American Indian/Alaska Native,PopByRace2018.csv,2018,51700
MN,Asian,PopByRace2018.csv,2018,259600
MN,Black,PopByRace2018.csv,2018,356100
MN,Hispanic,PopByRace2018.csv,2018,296100
MN,Multiple Races,PopByRace2018.csv,2018,152900
MN,Native Hawaiian/Other Pacific Islander,PopByRace2018.csv,2018,
MN,Total,PopByRace2018.csv,2018,5489000
MN,White,PopByRace2018.csv,2018,4370100
MS,American Indian/Alaska Native,PopByRace2018.csv,2018,12000
MS,Asian,PopByRace2018.csv,2018,25300
MS,Black,PopByRace2018.csv,2018,1084700
MS,Hispanic,PopByRace2018.csv,2018,81200
MS,Multiple Races,PopByRace2018.csv,2018,41300
MS,Native Hawaiian/Other Pacific Islander,PopByRace2018.csv,2018,
MS,Total,PopByRace2018.csv,2018,2879400
MS,White,PopByRace2018.csv,2018,1633600
MO,American Indian/Alaska Native,PopByRace2018.csv,2018,20500
MO,Asian,PopByRace2018.csv,2018,119300
MO,Black,PopByRace2018.csv,2018,670600
MO,Hispanic,PopByRace2018.csv,2018,240400
MO,Multiple Races,PopByRace2018.csv,2018,155600
MO,Native Hawaiian/Other Pacific Islander,PopByRace2018.csv,2018,8700
MO,Total,PopByRace2018.csv,2018,5934500
MO,White,PopByRace2018.csv,2018,4719400
MT,American Indian/Alaska Native,PopByRace2018.csv,2018,60400
MT,Asian,PopByRace2018.csv,2018,6800
MT,Black,PopByRace2018.csv,2018,3700
MT,Hispanic,PopByRace2018.csv,2018,40500
MT,Multiple Races,PopByRace2018.csv,2018,32000
MT,Native Hawaiian/Other Pacific Islander,PopByRace2018.csv,2018,
MT,Total,PopByRace2018.csv,2018,1034000
MT,White,PopByRace2018.csv,2018,890100
NE,American Indian/Alaska Native,PopByRace2018.csv,2018,12500
NE,Asian,PopByRace2018.csv,2018,42800
NE,Black,PopByRace2018.csv,2018,82100
NE,Hispanic,PopByRace2018.csv,2018,206800
NE,Multiple Races,PopByRace2018.csv,2018,54400
NE,Native Hawaiian/Other Pacific Islander,PopByRace2018.csv,2018,
NE,Total,PopByRace2018.csv,2018,1868900
NE,White,PopByRace2018.csv,2018,1470100
NV,American Indian/Alaska Native,PopByRace2018.csv,2018,28700
NV,Asian,PopByRace2018.csv,2018,241600
NV,Black,PopByRace2018.csv,2018,258700
NV,Hispanic,PopByRace2018.csv,2018,866800
NV,Multiple Races,PopByRace2018.csv,2018,121800
NV,Native Hawaiian/Other Pacific Islander,PopByRace2018.csv,2018,18400
NV,Total,PopByRace2018.csv,2018,2983400
NV,White,PopByRace2018.csv,2018,1447500
NH,American Indian/Alaska Native,PopByRace2018.csv,2018,
NH,Asian,PopByRace2018.csv,2018,37000
NH,Black,PopByRace2018.csv,2018,14600
NH,Hispanic,PopByRace2018.csv,2018,49900
NH,Multiple Races,PopByRace2018.csv,2018,24000
NH,Native Hawaiian/Other Pacific Islander,PopByRace2018.csv,2018,
NH,Total,PopByRace2018.csv,2018,1310300
NH,White,PopByRace2018.csv,2018,1181500
NJ,American Indian/Alaska Native,PopByRace2018.csv,2018,8900
NJ,Asian,PopByRace2018.csv,2018,842500
NJ,Black,PopByRace2018.csv,2018,1100300
NJ,Hispanic,PopByRace2018.csv,2018,1812100
NJ,Multiple Races,PopByRace2018.csv,2018,185600
NJ,Native Hawaiian/Other Pacific Islander,PopByRace2018.csv,2018,
NJ,Total,PopByRace2018.csv,2018,8728300
NJ,White,PopByRace2018.csv,2018,4776900
NM,American Indian/Alaska Native,PopByRace2018.csv,2018,181000
NM,Asian,PopByRace2018.csv,2018,31200
NM,Black,PopByRace2018.csv,2018,37100
NM,Hispanic,PopByRace2018.csv,2018,1004800
NM,Multiple Races,PopByRace2018.csv,2018,34500
NM,Native Hawaiian/Other Pacific Islander,PopByRace2018.csv,2018,
NM,Total,PopByRace2018.csv,2018,2045300
NM,White,PopByRace2018.csv,2018,754700
NY,American Indian/Alaska Native,PopByRace2018.csv,2018,46200
NY,Asian,PopByRace2018.csv,2018,1618900
NY,Black,PopByRace2018.csv,2018,2684400
NY,Hispanic,PopByRace2018.csv,2018,3665000
NY,Multiple Races,PopByRace2018.csv,2018,490000
NY,Native Hawaiian/Other Pacific Islander,PopByRace2018.csv,2018,
NY,Total,PopByRace2018.csv,2018,19016900
NY,White,PopByRace2018.csv,2018,10508500
NC,American Indian/Alaska Native,PopByRace2018.csv,2018,103700
NC,Asian,PopByRace2018.csv,2018,294300
NC,Black,PopByRace2018.csv,2018,2095600
NC,Hispanic,PopByRace2018.csv,2018,962600
NC,Multiple Races,PopByRace2018.csv,2018,267400
NC,Native Hawaiian/Other Pacific Islander,PopByRace2018.csv,2018,6700
NC,Total,PopByRace2018.csv,2018,10044400
NC,White,PopByRace2018.csv,2018,6314100
ND,American Indian/Alaska Native,PopByRace2018.csv,2018,37500
ND,Asian,PopByRace2018.csv,2018,14400
ND,Black,PopByRace2018.csv,2018,22200
ND,Hispanic,PopByRace2018.csv,2018,25800
ND,Multiple Races,PopByRace2018.csv,2018,17400
ND,Native Hawaiian/Other Pacific Islander,PopByRace2018.csv,2018,
ND,Total,PopByRace2018.csv,2018,730600
ND,White,PopByRace2018.csv,2018,613100
OH,American Indian/Alaska Native,PopByRace2018.csv,2018,19200
OH,Asian,PopByRace2018.csv,2018,260100
OH,Black,PopByRace2018.csv,2018,1376200
OH,Hispanic,PopByRace2018.csv,2018,434900
OH,Multiple Races,PopByRace2018.csv,2018,314800
OH,Native Hawaiian/Other Pacific Islander,PopByRace2018.csv,2018,
OH,Total,PopByRace2018.csv,2018,11355900
OH,White,PopByRace2018.csv,2018,8947700
OK,American Indian/Alaska Native,PopByRace2018.csv,2018,288000
OK,Asian,PopByRace2018.csv,2018,78400
OK,Black,PopByRace2018.csv,2018,267700
OK,Hispanic,PopByRace2018.csv,2018,414200
OK,Multiple Races,PopByRace2018.csv,2018,273600
OK,Native Hawaiian/Other Pacific Islander,PopByRace2018.csv,2018,1900
OK,Total,PopByRace2018.csv,2018,3816100
OK,White,PopByRace2018.csv,2018,2492200
OR,American Indian/Alaska Native,PopByRace2018.csv,2018,39800
OR,Asian,PopByRace2018.csv,2018,188400
OR,Black,PopByRace2018.csv,2018,74300
OR,Hispanic,PopByRace2018.csv,2018,545300
OR,Multiple Races,PopByRace2018.csv,2018,156900
OR,Native Hawaiian/Other Pacific Islander,PopByRace2018.csv,2018,14200
OR,Total,PopByRace2018.csv,2018,4110800
OR,White,PopByRace2018.csv,2018,3091900
PA,American Indian/Alaska Native,PopByRace2018.csv,2018,12100
PA,Asian,PopByRace2018.csv,2018,435300
PA,Black,PopByRace2018.csv,2018,1274800
PA,Hispanic,PopByRace2018.csv,2018,939900
PA,Multiple Races,PopByRace2018.csv,2018,275500
PA,Native Hawaiian/Other Pacific Islander,PopByRace2018.csv,2018,
PA,Total,PopByRace2018.csv,2018,12388100
PA,White,PopByRace2018.csv,2018,9447800
RI,American Indian/Alaska Native,PopByRace2018.csv,2018,
RI,Asian,PopByRace2018.csv,2018,34700
RI,Black,PopByRace2018.csv,2018,57000
RI,Hispanic,PopByRace2018.csv,2018,162700
RI,Multiple Races,PopByRace2018.csv,2018,31600
RI,Native Hawaiian/Other Pacific Islander,PopByRace2018.csv,2018,
RI,Total,PopByRace2018.csv,2018,1014000
RI,White,PopByRace2018.csv,2018,725400
SC,American Indian/Alaska Native,PopByRace2018.csv,2018,14900
SC,Asian,PopByRace2018.csv,2018,76700
SC,Black,PopByRace2018.csv,2018,1298200
SC,Hispanic,PopByRace2018.csv,2018,284100
SC,Multiple Races,PopByRace2018.csv,2018,106000
SC,Native Hawaiian/Other Pacific Islander,PopByRace2018.csv,2018,
SC,Total,PopByRace2018.csv,2018,4929800
SC,White,PopByRace2018.csv,2018,3146900
SD,American Indian/Alaska Native,PopByRace2018.csv,2018,73100
SD,Asian,PopByRace2018.csv,2018,10900
SD,Black,PopByRace2018.csv,2018,18500
SD,Hispanic,PopByRace2018.csv,2018,32100
SD,Multiple Races,PopByRace2018.csv,2018,21200
SD,Native Hawaiian/Other Pacific Islander,PopByRace2018.csv,2018,
SD,Total,PopByRace2018.csv,2018,848700
SD,White,PopByRace2018.csv,2018,692900
TN,American Indian/Alaska Native,PopByRace2018.csv,2018,14700
TN,Asian,PopByRace2018.csv,2018,113800
TN,Black,PopByRace2018.csv,2018,1087600
TN,Hispanic,PopByRace2018.csv,2018,361800
TN,Multiple Races,PopByRace2018.csv,2018,144200
TN,Native Hawaiian/Other Pacific Islander,PopByRace2018.csv,2018,
TN,Total,PopByRace2018.csv,2018,6586400
TN,White,PopByRace2018.csv,2018,4860100
TX,American Indian/Alaska Native,PopByRace2018.csv,2018,69200
TX,Asian,PopByRace2018.csv,2018,1389300
TX,Black,PopByRace2018.csv,2018,3251900
TX,Hispanic,PopByRace2018.csv,2018,11163700
TX,Multiple Races,PopByRace2018.csv,2018,523100
TX,Native Hawaiian/Other Pacific Islander,PopByRace2018.csv,2018,19200
TX,Total,PopByRace2018.csv,2018,28024000
TX,White,PopByRace2018.csv,2018,11607500
UT,American Indian/Alaska Native,PopByRace2018.csv,2018,29100
UT,Asian,PopByRace2018.csv,2018,72800
UT,Black,PopByRace2018.csv,2018,35800
UT,Hispanic,PopByRace2018.csv,2018,438200
UT,Multiple Races,PopByRace2018.csv,2018,82000
UT,Native Hawaiian/Other Pacific Islander,PopByRace2018.csv,2018,26600
UT,Total,PopByRace2018.csv,2018,3105900
UT,White,PopByRace2018.csv,2018,2421400
VT,American Indian/Alaska Native,PopByRace2018.csv,2018,2100
VT,Asian,PopByRace2018.csv,2018,11700
VT,Black,PopByRace2018.csv,2018,6600
VT,Hispanic,PopByRace2018.csv,2018,11000
VT,Multiple Races,PopByRace2018.csv,2018,11300
VT,Native Hawaiian/Other Pacific Islander,PopByRace2018.csv,2018,
VT,Total,PopByRace2018.csv,2018,600600
VT,White,PopByRace2018.csv,2018,557900
VA,American Indian/Alaska Native,PopByRace2018.csv,2018,16100
VA,Asian,PopByRace2018.csv,2018,536700
VA,Black,PopByRace2018.csv,2018,1519400
VA,Hispanic,PopByRace2018.csv,2018,779900
VA,Multiple Races,PopByRace2018.csv,2018,291400
VA,Native Hawaiian/Other Pacific Islander,PopByRace2018.csv,2018,4500
VA,Total,PopByRace2018.csv,2018,8182100
VA,White,PopByRace2018.csv,2018,5034100
WA,American Indian/Alaska Native,PopByRace2018.csv,2018,77900
WA,Asian,PopByRace2018.csv,2018,648800
WA,Black,PopByRace2018.csv,2018,268700
WA,Hispanic,PopByRace2018.csv,2018,949700
WA,Multiple Races,PopByRace2018.csv,2018,368600
WA,Native Hawaiian/Other Pacific Islander,PopByRace2018.csv,2018,48100
WA,Total,PopByRace2018.csv,2018,7368000
WA,White,PopByRace2018.csv,2018,5006200
WV,American Indian/Alaska Native,PopByRace2018.csv,2018,1600
WV,Asian,PopByRace2018.csv,2018,13100
WV,Black,PopByRace2018.csv,2018,63300
WV,Hispanic,PopByRace2018.csv,2018,22500
WV,Multiple Races,PopByRace2018.csv,2018,31300
WV,Native Hawaiian/Other Pacific Islander,PopByRace2018.csv,2018,
WV,Total,PopByRace2018.csv,2018,1752300
WV,White,PopByRace2018.csv,2018,1620000
WI,American Indian/Alaska Native,PopByRace2018.csv,2018,43800
WI,Asian,PopByRace2018.csv,2018,159500
WI,Black,PopByRace2018.csv,2018,349400
WI,Hispanic,PopByRace2018.csv,2018,393600
WI,Multiple Races,PopByRace2018.csv,2018,116200
WI,Native Hawaiian/Other Pacific Islander,PopByRace2018.csv,2018,1900
WI,Total,PopByRace2018.csv,2018,5662800
WI,White,PopByRace2018.csv,2018,4598500
WY,American Indian/Alaska Native,PopByRace2018.csv,2018,12900
WY,Asian,PopByRace2018.csv,2018,6000
WY,Black,PopByRace2018.csv,2018,2700
WY,Hispanic,PopByRace2018.csv,2018,56000
WY,Multiple Races,PopByRace2018.csv,2018,11100
WY,Native Hawaiian/Other Pacific Islander,PopByRace2018.csv,2018,
WY,Total,PopByRace2018.csv,2018,560300
WY,White,PopByRace2018.csv,2018,471600
